Django_Project,https://github.com/Sahilamin219/Django_Project,12,0,24,2021-11-04 16:30:12,1
Wagtail-Pipit,https://github.com/Frojd/Wagtail-Pipit,210,7,1961,2023-11-10 16:01:16,27
boss-oidc,https://github.com/jhuapl-boss/boss-oidc,13,6,68,2023-07-08 05:06:30,25
skeletor,https://github.com/ckc-org/skeletor,15,10,336,2023-08-31 13:55:46,7
django-rest-social-auth,https://github.com/st4lk/django-rest-social-auth,502,25,220,2023-11-07 15:24:06,119
react-dj-todoapp,https://github.com/mdrhmn/react-dj-todoapp,15,0,103,2023-10-14 17:17:21,17
my_notes,https://github.com/Chudopal/my_notes,7,0,273,2021-12-29 10:17:22,0
tubearchivist,https://github.com/tubearchivist/tubearchivist,3417,43,1717,2023-11-10 04:11:48,168
nena,https://github.com/CambridgeSemiticsLab/nena,5,4,283,2023-03-26 03:33:44,0
fixmy.platform,https://github.com/FixMyBerlin/fixmy.platform,11,9,898,2023-03-11 22:25:53,2
imooc-django,https://github.com/zaxlct/imooc-django,923,3,145,2023-11-09 16:12:20,436
nerpa,https://github.com/ablab/nerpa,9,4,553,2023-02-23 10:35:08,3
TaskPointSystem,https://github.com/koguz/TaskPointSystem,11,7,269,2023-11-04 06:12:36,4
anki-devops-services,https://github.com/ankicommunity/anki-devops-services,219,10,146,2023-11-08 05:35:59,27
RIMA,https://github.com/ude-soco/RIMA,8,8,581,2023-11-05 16:19:49,14
Sharon_Technology_learning_note,https://github.com/dearxuany/Sharon_Technology_learning_note,9,0,975,2023-10-26 07:13:45,4
django-shopify-auth,https://github.com/discolabs/django-shopify-auth,142,13,196,2023-11-02 16:34:58,55
django-binder,https://github.com/CodeYellowBV/django-binder,13,15,972,2022-11-24 05:40:45,17
MachineLearning,https://github.com/albert0796/MachineLearning,12,0,508,2023-10-01 17:50:44,1
autodo,https://github.com/autodo-app/autodo,50,3,1590,2023-06-01 22:04:47,4
dj4book,https://github.com/skynettw/dj4book,11,2,30,2023-10-25 09:31:20,3
MonAPI,https://github.com/MonAPI-xyz/MonAPI,43,2,10,2023-01-10 23:02:15,1
dpmsf-microservice-framework,https://github.com/raychorn/dpmsf-microservice-framework,8,0,103,2023-10-15 15:55:10,1
LicenseServer,https://github.com/ffAudio/LicenseServer,10,0,51,2023-08-12 23:58:50,0
spid-cie-oidc-django,https://github.com/italia/spid-cie-oidc-django,18,13,1317,2023-10-11 16:40:30,20
firecares,https://github.com/FireCARES/firecares,11,20,955,2021-04-22 22:00:15,11
cookiecutter-sixiedjango,https://github.com/sixfeetup/cookiecutter-sixiedjango,13,13,311,2023-10-17 18:28:57,4
activist,https://github.com/activist-org/activist,101,86,1699,2023-11-07 18:56:12,106
simple-stock-management,https://github.com/UplandsDynamic/simple-stock-management,102,2,155,2023-10-25 18:35:19,73
django-blog,https://github.com/sajib1066/django-blog,20,3,127,2023-04-06 08:28:03,11
mini-main,https://github.com/rudranil723/mini-main,5,2,69,2023-04-11 15:50:30,2
special-topic-data-engineering,https://github.com/drshahizan/special-topic-data-engineering,86,45,4359,2023-10-16 07:33:48,65
LinkedIn-Clone-Django,https://github.com/Twopersonwork/LinkedIn-Clone-Django,16,2,104,2023-11-08 22:36:32,7
dakara-server,https://github.com/DakaraProject/dakara-server,8,5,951,2023-10-16 22:46:03,0
FreedomBox,https://github.com/freedombox/FreedomBox,173,223,8450,2023-10-02 07:33:09,108
swppfall2022-team9,https://github.com/swsnu/swppfall2022-team9,6,4,631,2023-05-14 06:49:35,0
ionata-django-skeleton,https://github.com/ionata/ionata-django-skeleton,5,4,120,2021-06-15 03:51:35,2
noted,https://github.com/welel/noted,107,3,314,2023-11-06 16:07:41,10
sbadmin,https://github.com/hygull/sbadmin,8,0,68,2023-09-07 07:43:22,5
django-magiclink,https://github.com/pyepye/django-magiclink,70,3,125,2023-11-10 18:39:35,10
demsausage,https://github.com/keithamoss/demsausage,10,10,5493,2023-02-10 12:14:45,4
sentry-python,https://github.com/getsentry/sentry-python,1643,193,2065,2023-11-09 12:46:12,459
site,https://github.com/emaula/site,9,4,48,2021-11-17 14:12:05,2
ai_engineering,https://github.com/datarobot-community/ai_engineering,8,7,52,2023-03-14 05:53:09,2
djangostarterproject,https://github.com/NoahFinberg/djangostarterproject,9,0,45,2023-01-14 01:04:39,1
xlcmdb,https://github.com/xinlei3166/xlcmdb,6,0,18,2021-12-10 07:53:51,5
Shocally,https://github.com/Mohitsaini2028/Shocally,9,4,125,2023-08-02 17:14:38,0
label-studio,https://github.com/HumanSignal/label-studio,14702,104,3100,2023-11-10 09:01:02,1792
cloud-doc,https://github.com/lhfei/cloud-doc,8,0,169,2023-02-02 19:53:15,6
Meta-Back-End-Developer,https://github.com/ShahandFahad/Meta-Back-End-Developer,5,0,88,2023-11-07 08:16:08,1
neoexchange,https://github.com/LCOGT/neoexchange,5,12,5089,2022-06-20 23:09:51,1
skku-coding-platform,https://github.com/skkuding/skku-coding-platform,35,21,943,2023-06-14 08:33:24,3
Instagram-Clone,https://github.com/arunism/Instagram-Clone,6,0,31,2023-07-09 12:43:51,2
genesysv,https://github.com/ubccr/genesysv,20,4,506,2023-07-21 10:24:08,6
series-tiempo-ar-api,https://github.com/datosgobar/series-tiempo-ar-api,30,15,2170,2023-09-27 18:41:34,16
curate_science,https://github.com/ScienceCommons/curate_science,12,6,946,2022-01-24 21:38:06,6
habitly,https://github.com/0xAliRaza/habitly,14,0,113,2023-09-24 15:27:22,4
Attendance-Project,https://github.com/MSU-AI/Attendance-Project,14,10,96,2023-03-10 07:45:59,10
Multi-Authors-advanced-Django-Blog,https://github.com/yeazin/Multi-Authors-advanced-Django-Blog,29,3,106,2023-05-21 21:02:51,16
django-continuous-delivery,https://github.com/20tab/django-continuous-delivery,9,10,386,2023-03-19 12:38:54,7
docker-openwisp,https://github.com/openwisp/docker-openwisp,130,17,193,2023-11-09 11:32:58,66
mentorpunten,https://github.com/KiOui/mentorpunten,5,5,291,2023-08-21 06:01:04,0
buildly-core,https://github.com/buildlyio/buildly-core,14,13,891,2022-10-07 04:15:38,17
DjangoReact,https://github.com/geropellicer/DjangoReact,29,2,152,2023-04-18 15:05:24,13
Assets-Loop,https://github.com/Nezhinskiy/Assets-Loop,47,0,272,2023-11-10 14:51:49,4
modeldb,https://github.com/mcdougallab/modeldb,7,5,259,2023-10-30 17:22:15,1
Appraise,https://github.com/cfedermann/Appraise,73,3,767,2023-10-23 11:02:55,37
E-Vote-Django,https://github.com/YuZaGa/E-Vote-Django,6,0,15,2023-05-02 11:00:26,2
django-oauth-react-admin-dashboard,https://github.com/dev0088/django-oauth-react-admin-dashboard,7,2,11,2023-06-18 05:36:53,1
facial-recognition-system,https://github.com/JayMalde/facial-recognition-system,5,0,27,2023-06-14 08:08:14,4
save-my-youth,https://github.com/subscriptionRescueTeam/save-my-youth,55,6,677,2023-09-02 07:20:35,5
localcontexts_db,https://github.com/biocodellc/localcontexts_db,6,7,2910,2023-01-31 18:29:05,2
Shifter,https://github.com/TobySuch/Shifter,10,6,331,2023-11-04 15:50:33,5
reBOOT,https://github.com/CodeTheChangeUBC/reBOOT,13,12,838,2023-07-31 06:47:12,3
Cinema,https://github.com/ArnaudLevaufre/Cinema,28,3,131,2023-09-28 10:32:09,13
malquarium,https://github.com/drbeni/malquarium,45,0,85,2023-10-14 23:23:38,8
django-with-microk8s,https://github.com/bluemoo/django-with-microk8s,19,0,54,2022-10-22 14:05:26,2
Django-E-commerce-RESTAPI,https://github.com/Anitaachu/Django-E-commerce-RESTAPI,6,0,18,2023-07-17 01:14:39,0
vote.electionscience.org,https://github.com/electionscience/vote.electionscience.org,35,14,379,2023-08-18 23:15:24,37
go-recordkeeper,https://github.com/go-recordkeeper/go-recordkeeper,6,0,841,2023-11-06 03:51:21,2
Vue-Django-Shop-Website,https://github.com/nature1995/Vue-Django-Shop-Website,7,0,32,2023-09-05 14:54:54,6
quantified-flu,https://github.com/OpenHumans/quantified-flu,24,6,316,2023-06-21 16:03:34,4
bookwyrm,https://github.com/bookwyrm-social/bookwyrm,1997,100,8980,2023-11-09 20:42:47,228
OpenContracts,https://github.com/JSv4/OpenContracts,32,2,169,2023-10-30 02:23:54,5
mventory,https://github.com/MakeMonmouth/mventory,112,2,139,2023-11-08 22:06:44,7
django-line-echobot,https://github.com/jhanjhenyi/django-line-echobot,13,0,35,2023-05-16 06:59:13,1
GPQRR5,https://github.com/ispc-programador2022/GPQRR5,5,4,53,2022-11-15 22:06:03,1
ryzom,https://github.com/yourlabs/ryzom,5,4,467,2021-11-10 16:56:57,1
yogaMaster,https://github.com/yy-pku/yogaMaster,5,3,63,2022-06-08 03:08:48,5
seismic-risc,https://github.com/code4romania/seismic-risc,33,38,487,2023-10-25 07:49:33,66
azure-django-postgres-flexible-aca,https://github.com/Azure-Samples/azure-django-postgres-flexible-aca,10,2,72,2023-10-27 17:23:36,20
hpc-toolkit,https://github.com/GoogleCloudPlatform/hpc-toolkit,125,41,4609,2023-11-10 09:58:33,80
gobotany-app,https://github.com/newfs/gobotany-app,9,7,5927,2022-03-11 01:15:44,8
comissao,https://github.com/rg3915/comissao,11,0,51,2023-10-09 01:07:15,2
SAMS,https://github.com/CaptainDynamight/SAMS,6,0,39,2023-07-22 12:02:09,4
Hale,https://github.com/pjlantz/Hale,181,2,137,2023-10-06 05:40:30,65
B-Bhukkad-Food-Delivery-Web-Application,https://github.com/geetnsh2k1/B-Bhukkad-Food-Delivery-Web-Application,16,0,10,2023-08-16 15:02:50,4
django-service-boilerplate,https://github.com/pik-software/django-service-boilerplate,15,17,724,2022-01-06 18:44:29,7
swpp2021-team12,https://github.com/swsnu/swpp2021-team12,5,4,439,2022-10-31 13:42:50,0
wazimap-ng,https://github.com/OpenUpSA/wazimap-ng,11,16,1753,2023-09-12 15:46:31,17
django-pdf-kanji,https://github.com/kokimame/django-pdf-kanji,7,2,45,2022-07-28 06:44:30,2
earkweb,https://github.com/E-ARK-Software/earkweb,20,5,960,2023-01-27 07:35:12,6
bashair,https://github.com/fortunto2/bashair,6,2,251,2023-05-05 23:16:18,4
SecurityManageFramwork,https://github.com/we1h0/SecurityManageFramwork,420,2,55,2023-11-09 02:52:18,161
Metu-CENG,https://github.com/ysyesilyurt/Metu-CENG,54,0,32,2023-11-04 21:45:17,9
esgf-compute-wps,https://github.com/ESGF/esgf-compute-wps,13,7,3553,2023-04-03 03:20:47,10
BulkMailer-Backend,https://github.com/Bulkmailer/BulkMailer-Backend,8,7,64,2023-11-10 18:45:29,5
social-network-django-server,https://github.com/Jauharmuhammed/social-network-django-server,11,2,93,2023-07-18 08:44:54,1
umigrate,https://github.com/Team-uMigrate/umigrate,13,21,395,2021-09-29 01:48:21,2
elmer,https://github.com/thetruefuss/elmer,65,2,168,2023-10-27 11:44:26,26
route-detect,https://github.com/mschwager/route-detect,167,0,114,2023-11-08 22:04:47,7
bug-binder,https://github.com/asifo1/bug-binder,5,0,48,2023-01-29 17:33:21,8
panel,https://github.com/holoviz/panel,3234,155,3585,2023-11-10 10:38:35,387
django-ecommerce-1,https://github.com/Code-Institute-Submissions/django-ecommerce-1,9,0,174,2023-04-13 02:44:01,9
sjvair.com,https://github.com/SJVAir/sjvair.com,6,6,793,2023-09-01 19:39:58,3
pulp-oci-images,https://github.com/pulp/pulp-oci-images,25,29,525,2023-11-06 14:16:58,41
vmaig_blog,https://github.com/billvsme/vmaig_blog,354,2,113,2023-06-12 09:07:40,220
django-base-site,https://github.com/epicserve/django-base-site,280,4,768,2023-11-09 07:56:55,34
SmartWasteManagement,https://github.com/Asheshshrestha/SmartWasteManagement,6,2,56,2023-03-04 07:45:18,0
Tourism_app,https://github.com/AnuragTimilsina/Tourism_app,6,3,72,2023-04-14 07:24:41,0
VITBOOK,https://github.com/abhishek2x/VITBOOK,6,7,74,2022-05-21 10:54:23,1
drf_for_backend,https://github.com/TaeBbong/drf_for_backend,23,0,27,2023-10-06 07:46:48,20
qatrackplus,https://github.com/qatrackplus/qatrackplus,41,10,3481,2023-10-18 03:12:28,18
django-maintenance-mode,https://github.com/fabiocaccamo/django-maintenance-mode,410,19,461,2023-11-09 13:43:12,51
django-s3-file-upload-server,https://github.com/dabapps/django-s3-file-upload-server,5,6,111,2023-09-28 13:05:44,0
MemberMatters,https://github.com/membermatters/MemberMatters,31,19,1259,2023-11-05 18:15:34,19
Chatire,https://github.com/danidee10/Chatire,344,2,32,2023-11-05 22:11:48,117
bee-pollinator-app,https://github.com/project-icp/bee-pollinator-app,6,18,2795,2022-05-19 12:47:44,1
django-reference,https://github.com/ramwin/django-reference,6,0,296,2023-05-21 21:59:21,2
annalist,https://github.com/gklyne/annalist,25,0,1637,2023-07-06 11:12:11,3
wagtail_blog,https://github.com/thelabnyc/wagtail_blog,252,17,307,2023-09-26 15:42:15,72
jotdown,https://github.com/eastend-street/jotdown,8,2,335,2023-07-13 11:40:06,1
taxi-app-Django-React,https://github.com/hadijahkyampeire/taxi-app-Django-React,7,0,19,2022-05-06 04:20:58,2
python101,https://github.com/koduj-z-klasa/python101,45,12,681,2023-11-05 17:23:36,179
socialfly-instagram-clone,https://github.com/Abhishek-Gawade-programmer/socialfly-instagram-clone,8,2,82,2023-09-06 22:21:53,3
huxley,https://github.com/bmun/huxley,34,21,1551,2023-04-19 09:43:15,46
FuzzManager,https://github.com/MozillaSecurity/FuzzManager,176,14,1656,2023-09-28 10:26:11,49
ansible-cmdb-platform,https://github.com/YuZongYangHi/ansible-cmdb-platform,36,0,29,2023-04-03 09:49:28,15
auth_wiki_team_1_project,https://github.com/zuri-training/auth_wiki_team_1_project,11,12,336,2022-08-17 02:37:21,2
django-netflix-clone,https://github.com/fayomihorace/django-netflix-clone,6,0,21,2023-10-22 07:28:00,3
VueJs-Django,https://github.com/fussionlab/VueJs-Django,11,3,92,2023-10-03 19:52:30,0
iu5web-fall-2016,https://github.com/iu5team/iu5web-fall-2016,14,7,58,2023-09-18 14:59:31,7
sgce,https://github.com/vinigracindo/sgce,35,3,227,2023-09-10 07:20:41,22
RuFoundation,https://github.com/SCPru/RuFoundation,37,7,931,2023-10-06 07:20:36,9
django-reversion-compare,https://github.com/jedie/django-reversion-compare,312,60,1168,2023-11-07 12:49:30,105
dormitory_menage_system,https://github.com/hualuoo/dormitory_menage_system,132,0,55,2023-11-09 01:32:27,59
web-2020,https://github.com/vpavlenko/web-2020,105,0,21,2023-10-21 16:45:43,13
bytedeck,https://github.com/bytedeck/bytedeck,17,25,2913,2023-11-06 19:03:24,29
imooc,https://github.com/liaogx/imooc,64,0,12,2023-11-10 06:37:27,37
ucdpuppet,https://github.com/ucdavis/ucdpuppet,8,4,70,2021-07-21 02:14:18,2
foodgram-project-react,https://github.com/ruzhova/foodgram-project-react,6,0,38,2023-09-24 12:41:34,12
python3-saml-django,https://github.com/penn-state-dance-marathon/python3-saml-django,24,6,86,2023-05-16 08:14:32,7
TidyPlan,https://github.com/MrDoomBringer/TidyPlan,6,8,189,2023-06-18 01:06:29,8
AraGWAS,https://github.com/1001genomes/AraGWAS,11,4,514,2023-04-12 05:40:10,5
News-Web-App,https://github.com/Akash1362000/News-Web-App,26,3,80,2023-10-14 02:09:37,7
Get-Placed,https://github.com/CS-Hunt/Get-Placed,22,0,215,2023-07-06 22:44:28,13
model_garden,https://github.com/epam/model_garden,5,7,2587,2022-02-22 03:41:13,4
vycontrol,https://github.com/vycontrol/vycontrol,220,4,388,2023-10-28 06:11:20,30
school_management_system,https://github.com/GoodnessEzeokafor/school_management_system,11,2,28,2023-10-20 16:50:11,12
fuskar-backend,https://github.com/deven96/fuskar-backend,7,3,41,2022-12-31 20:20:12,2
TIL-garden,https://github.com/tesschung/TIL-garden,18,0,90,2022-04-11 15:05:10,0
get-django-saas-template,https://github.com/AdemHodzic/get-django-saas-template,13,2,110,2023-11-03 08:07:06,4
django-hook,https://github.com/hackorama/django-hook,5,0,91,2022-10-08 01:56:25,1
Squaak,https://github.com/KevonneM/Squaak,15,2,235,2023-10-29 21:51:04,8
instaclone,https://github.com/kindfamily/instaclone,5,2,35,2022-07-18 03:41:55,4
oidc-server,https://github.com/vicalloy/oidc-server,44,0,25,2023-11-06 19:46:43,11
QuoraClone,https://github.com/bigmat18/QuoraClone,7,2,30,2023-06-13 11:29:52,0
edx-enterprise-data,https://github.com/openedx/edx-enterprise-data,10,57,627,2023-03-13 03:54:11,12
simple-photo-management,https://github.com/UplandsDynamic/simple-photo-management,6,2,198,2023-09-08 09:48:47,1
badgeprint,https://github.com/sammyfung/badgeprint,13,0,18,2023-10-04 13:51:24,4
soft-ui-dashboard-django,https://github.com/creativetimofficial/soft-ui-dashboard-django,54,4,19,2023-11-08 15:54:08,238
Clothy,https://github.com/nciganovic/Clothy,5,0,68,2023-02-20 05:35:46,2
back-end-notes,https://github.com/PiperLiu/back-end-notes,6,0,197,2023-09-26 05:26:04,2
django_pkms,https://github.com/nafdev01/django_pkms,9,0,292,2023-09-16 00:13:43,0
django-datawatch,https://github.com/RegioHelden/django-datawatch,9,15,280,2023-01-13 09:20:22,9
capstone-2023-16,https://github.com/kookmin-sw/capstone-2023-16,6,5,410,2023-06-01 07:26:52,4
devjobapi,https://github.com/Mastersam07/devjobapi,8,2,20,2021-09-22 21:20:08,0
lenuage,https://github.com/laboiteproject/lenuage,9,7,389,2021-05-26 06:21:04,6
HimoolERP,https://github.com/himool/HimoolERP,70,4,375,2023-10-31 11:28:43,33
mailman3_ynh,https://github.com/YunoHost-Apps/mailman3_ynh,6,6,47,2022-11-12 16:58:18,2
Recipe-Django-NextJs,https://github.com/hagonin/Recipe-Django-NextJs,7,2,451,2023-10-21 23:53:45,3
Django-Web-App,https://github.com/0HugoHu/Django-Web-App,15,0,29,2023-10-31 19:27:37,3
ebazar,https://github.com/MerlinEmris/ebazar,7,0,58,2023-07-17 08:09:10,0
Financely,https://github.com/EnigmAI/Financely,16,3,21,2023-10-12 02:16:49,8
livelobby,https://github.com/GuildHouseGames/livelobby,5,5,191,2022-09-14 05:39:12,5
gbe-divio-djangocms-python2.7,https://github.com/bethlakshmi/gbe-divio-djangocms-python2.7,7,0,532,2023-09-02 20:04:29,1
django-oscar-bluelight,https://github.com/thelabnyc/django-oscar-bluelight,11,5,406,2023-04-03 11:30:12,1
Docker-OSINT,https://github.com/marcospr1974/Docker-OSINT,16,0,73,2023-11-06 11:35:13,4
DOSSIER-Sources,https://github.com/DOSSIER-dev/DOSSIER-Sources,12,3,72,2023-11-09 16:33:35,0
backend,https://github.com/jobguywork/backend,215,8,116,2023-11-10 12:36:35,50
federated-model-aggregation,https://github.com/capitalone/federated-model-aggregation,25,7,42,2023-11-04 16:18:02,10
Ecommerce_New_Project,https://github.com/sree-hari-s/Ecommerce_New_Project,8,0,37,2023-10-13 01:59:23,0
ts,https://github.com/MuratovER/ts,6,10,732,2023-10-31 19:21:54,1
instiapp-api,https://github.com/DevCom-IITB/instiapp-api,20,30,1552,2023-08-15 12:59:45,66
Ecommerce-WebApp,https://github.com/Debanjan2001/Ecommerce-WebApp,6,2,57,2023-09-01 02:48:41,0
glemaitre.github.io,https://github.com/glemaitre/glemaitre.github.io,10,5,201,2020-09-24 07:58:18,7
flyUX-pp4,https://github.com/CarlMurray/flyUX-pp4,5,0,200,2023-10-19 14:17:56,2
ClinifyBlog,https://github.com/bluelearn-open-source/ClinifyBlog,6,6,62,2022-10-05 04:30:07,4
make-it-so,https://github.com/rossrochford/make-it-so,6,0,15,2023-04-02 23:46:38,0
web-search,https://github.com/mediacloud/web-search,8,8,2671,2023-08-28 11:45:06,9
galaxy,https://github.com/battlecode/galaxy,9,11,1464,2023-08-23 16:44:38,4
nuntius,https://github.com/lafranceinsoumise/nuntius,10,6,261,2022-12-13 00:11:43,2
fuzzed,https://github.com/troeger/fuzzed,21,8,3165,2023-09-04 02:49:05,8
Disfactory,https://github.com/Disfactory/Disfactory,63,24,1040,2023-11-08 10:07:42,31
Social-media-web-app,https://github.com/pkini2002/Social-media-web-app,21,3,116,2023-10-28 14:54:38,29
sirius,https://github.com/VladimirARodionov/sirius,8,2,335,2022-02-08 20:27:52,2
Django_PizzaHub,https://github.com/Ronik22/Django_PizzaHub,6,2,64,2023-11-10 07:02:38,0
LabRentPlatform,https://github.com/Lucius-lsr/LabRentPlatform,6,4,235,2022-03-10 09:38:09,1
capstone-2020-21,https://github.com/kookmin-sw/capstone-2020-21,8,8,593,2022-01-18 15:46:13,8
MELODI-Presto,https://github.com/MRCIEU/MELODI-Presto,13,2,186,2023-02-27 03:28:33,4
Django2_dailyfresh,https://github.com/Pad0y/Django2_dailyfresh,275,2,196,2023-10-19 17:12:22,73
leprikon,https://github.com/leprikon-cz/leprikon,7,4,1312,2023-03-24 09:03:45,1
OpenBio.eu,https://github.com/kantale/OpenBio.eu,7,6,1497,2022-06-30 07:42:55,6
racing,https://github.com/b4mad/racing,15,13,1219,2023-10-30 12:51:00,12
asxtrade,https://github.com/ozacas/asxtrade,7,0,44,2023-10-21 08:04:23,2
open-apparel-registry,https://github.com/opensupplyhub/open-apparel-registry,29,16,2234,2023-08-16 11:48:51,15
TaskManager,https://github.com/cash666/TaskManager,10,0,23,2023-04-19 09:11:29,5
piaf,https://github.com/etalab/piaf,76,6,366,2023-10-13 19:46:38,18
aec.works-api,https://github.com/aecworks/aec.works-api,5,4,244,2023-01-24 03:54:39,1
fermentrack,https://github.com/thorrak/fermentrack,125,22,1063,2023-10-06 18:19:22,57
ambient-toolbox,https://github.com/ambient-innovation/ambient-toolbox,5,10,432,2023-10-17 15:27:01,2
fetch-metadata-team-90,https://github.com/zuri-training/fetch-metadata-team-90,7,22,732,2022-08-14 00:18:15,20
asvs,https://github.com/Santandersecurityresearch/asvs,142,7,191,2023-10-31 07:06:36,34
listaHu,https://github.com/melizeche/listaHu,41,4,155,2023-03-23 21:29:07,4
pah-fm,https://github.com/CodeForPoznan/pah-fm,8,29,314,2023-04-25 18:39:36,41
uwwi-datadive-dec-22,https://github.com/datakind/uwwi-datadive-dec-22,5,24,263,2023-09-01 15:10:42,10
Portfolio.OS,https://github.com/raghavdhingra/Portfolio.OS,9,2,49,2023-07-11 17:02:06,2
electionleaflets,https://github.com/DemocracyClub/electionleaflets,8,19,851,2022-03-08 13:28:27,17
TwoRavens,https://github.com/TwoRavens/TwoRavens,21,14,3698,2022-10-30 18:15:38,1
django-siwe-auth,https://github.com/payton/django-siwe-auth,22,4,66,2023-10-23 16:43:49,4
drf-react-template-framework,https://github.com/yoyowallet/drf-react-template-framework,10,5,142,2023-02-17 11:18:37,3
pimp-my-cause-django,https://github.com/womenhackfornonprofits/pimp-my-cause-django,9,10,602,2023-07-25 14:01:56,10
ansible,https://github.com/selfhostx/ansible,12,2,363,2023-10-26 09:48:56,3
folioman,https://github.com/codereverser/folioman,33,3,127,2023-10-15 06:45:08,16
SoC-Portal,https://github.com/wncc/SoC-Portal,12,8,118,2023-11-01 16:01:38,19
reading-lists,https://github.com/Naouak/reading-lists,7,2,193,2023-06-29 13:42:39,1
regluit,https://github.com/Gluejar/regluit,12,8,7593,2023-03-19 06:22:59,37
homebrewhub,https://github.com/gbdev/homebrewhub,38,4,75,2023-07-30 04:19:37,9
chatSynthia,https://github.com/drakoRRR/chatSynthia,5,0,21,2023-11-09 13:45:42,0
Class-Project,https://github.com/ningmengwei-ata/Class-Project,19,0,34,2023-11-06 06:39:47,7
SME-Terceirizadas,https://github.com/prefeiturasp/SME-Terceirizadas,7,30,10492,2023-07-05 18:26:14,4
timed-backend,https://github.com/adfinis/timed-backend,21,26,1590,2023-10-20 19:35:47,22
SWE574-Fall2023-G1,https://github.com/SWE574-Fall2023-Group1/SWE574-Fall2023-G1,7,7,773,2023-10-26 22:00:54,0
movement_cloud,https://github.com/openworm/movement_cloud,6,3,314,2023-07-04 06:41:26,4
cookiecutter-wagtail-vix,https://github.com/engineervix/cookiecutter-wagtail-vix,10,6,599,2023-07-08 15:51:50,0
ats,https://github.com/job-hax/ats,14,5,43,2023-09-14 21:41:43,4
fullstackbot-backend,https://github.com/trakbitLLP/fullstackbot-backend,27,0,45,2023-06-03 12:10:07,2
upchaar-web,https://github.com/apaar97/upchaar-web,14,4,148,2023-08-21 05:19:38,10
django-openipam,https://github.com/openipam/django-openipam,5,9,1845,2023-02-02 07:38:11,13
Adaptive-Learning,https://github.com/deepanshu-Raj/Adaptive-Learning,8,5,122,2023-09-28 18:56:16,4
invoicex_d,https://github.com/kripikroli/invoicex_d,5,0,13,2023-06-11 18:43:10,0
gymrocket,https://github.com/AnimeshRy/gymrocket,5,2,28,2023-04-03 18:04:57,1
syllabi-share,https://github.com/SyllabiShare/syllabi-share,10,7,333,2023-09-18 04:16:36,4
how-to-stock,https://github.com/Abhiek187/how-to-stock,5,2,521,2023-05-10 19:57:27,3
pzserver_app,https://github.com/linea-it/pzserver_app,5,5,272,2023-08-31 15:03:25,0
devday_website,https://github.com/devdaydresden/devday_website,8,8,1424,2023-03-31 10:38:32,9
Django-React-E-commerce,https://github.com/khiati-walid/Django-React-E-commerce,8,0,11,2023-09-11 14:20:43,1
minotourapp,https://github.com/LooseLab/minotourapp,25,7,3777,2023-05-11 21:21:28,1
updatengine-server,https://github.com/updatengine-ng/updatengine-server,8,4,306,2023-03-12 10:33:35,2
Animesthetic-Social-Media,https://github.com/prasad-chavan1/Animesthetic-Social-Media,21,6,49,2023-10-27 15:07:17,15
guide,https://github.com/JetBrains/guide,12,7,828,2023-11-10 05:16:53,5
page-lab,https://github.com/IBM/page-lab,17,7,60,2023-10-27 23:40:19,10
devspoon-startup-tizen,https://github.com/devspoons/devspoon-startup-tizen,5,0,129,2022-12-14 23:13:43,1
microservice-boilerplate,https://github.com/rk4bir/microservice-boilerplate,6,0,14,2023-10-02 09:56:54,0
lawandorga-backend-service,https://github.com/lawandorga/lawandorga-backend-service,9,6,2612,2023-07-31 00:34:14,2
CV-App-88,https://github.com/Droxt1/CV-App-88,5,2,125,2023-09-17 12:53:18,1
api-server-django,https://github.com/app-generator/api-server-django,34,3,139,2023-10-12 13:01:15,14
cannlytics,https://github.com/cannlytics/cannlytics,40,4,598,2023-11-06 21:50:39,10
AMS,https://github.com/amanjha8100/AMS,12,5,42,2023-11-07 12:56:55,8
estore,https://github.com/basantsd/estore,5,0,11,2023-10-23 23:36:27,1
scale-ui,https://github.com/ngageoint/scale-ui,6,16,1294,2022-05-27 07:51:15,4
django-next,https://github.com/Brlaney/django-next,13,0,50,2023-10-24 13:58:50,1
sangnet,https://github.com/sayakongit/sangnet,5,9,309,2023-10-24 16:48:38,10
django-project-template,https://github.com/kagxin/django-project-template,16,2,64,2023-04-13 09:10:09,8
django-user-accounts,https://github.com/pinax/django-user-accounts,1108,68,848,2023-11-07 14:08:14,358
daily_fresh,https://github.com/liupenggg/daily_fresh,22,0,15,2023-08-10 11:47:57,8
TimetableGenerationSystem,https://github.com/abhayshah0305/TimetableGenerationSystem,33,0,38,2023-10-15 17:08:40,20
CoworkingDB,https://github.com/jsayles/CoworkingDB,11,5,193,2023-02-09 23:48:10,0
TakeawayDelivery,https://github.com/acsoto/TakeawayDelivery,8,5,189,2023-10-04 10:03:14,0
wanderlist,https://github.com/peterzernia/wanderlist,25,3,563,2021-12-27 18:03:09,3
frikanalen,https://github.com/Frikanalen/frikanalen,26,8,1912,2023-08-20 08:14:24,12
Auctions-Django-Project,https://github.com/joel-jaimon/Auctions-Django-Project,7,0,11,2023-10-03 22:04:24,5
uchicago-hvz,https://github.com/kz26/uchicago-hvz,20,3,609,2022-03-29 01:23:25,5
beiwe-backend,https://github.com/onnela-lab/beiwe-backend,60,18,3955,2023-11-01 15:44:10,42
tazebao,https://github.com/otto-torino/tazebao,5,0,268,2023-08-15 19:34:46,0
django-rest-paseto-auth,https://github.com/moiseshiraldo/django-rest-paseto-auth,7,2,23,2022-12-14 18:22:46,1
Web_Drawing-chat-consulation_Stones-in-greenhouse,https://github.com/osamhack2020/Web_Drawing-chat-consulation_Stones-in-greenhouse,8,5,313,2021-05-03 10:49:55,2
django-lightweight-queue,https://github.com/thread/django-lightweight-queue,41,13,630,2023-09-17 22:59:02,6
myHebrewDates,https://github.com/abe-101/myHebrewDates,14,6,347,2023-10-02 15:11:29,5
backend-drf,https://github.com/mbrsagor/backend-drf,5,2,165,2023-03-04 02:50:18,2
response,https://github.com/monzo/response,1487,24,403,2023-11-07 10:48:01,157
Todo-List,https://github.com/Umanggpt3/Todo-List,13,2,43,2023-11-01 12:11:23,7
django-ex,https://github.com/sclorg/django-ex,228,33,269,2023-11-08 00:40:26,1732
TS_annotation_tool,https://github.com/rstodden/TS_annotation_tool,10,2,138,2023-10-20 02:33:07,1
placplac,https://github.com/densitydesign/placplac,5,0,284,2023-04-20 15:42:13,1
strichka,https://github.com/jackshendrikov/strichka,9,0,135,2023-10-19 12:07:26,1
webchat,https://github.com/dhedegaard/webchat,8,3,346,2023-05-31 20:43:49,2
django-formset,https://github.com/jrief/django-formset,217,6,1195,2023-11-03 03:49:10,18
kafka-ml,https://github.com/ertis-research/kafka-ml,125,6,264,2023-11-10 03:20:29,19
Django-Ecommerce,https://github.com/erfanghorbanee/Django-Ecommerce,17,0,192,2023-11-07 12:58:08,0
opta,https://github.com/run-x/opta,907,15,926,2023-11-08 23:23:25,65
live-coding,https://github.com/Aviyel-oss/live-coding,11,2,71,2023-06-05 01:56:03,8
Secure-Web-Application-Development,https://github.com/Apress/Secure-Web-Application-Development,5,0,56,2023-06-17 11:47:01,2
summarizepaper,https://github.com/summarizepaper/summarizepaper,173,2,244,2023-11-09 19:35:13,25
taiga-back,https://github.com/kaleidos-ventures/taiga-back,454,71,4327,2023-11-10 07:11:58,125
TransMediaLint,https://github.com/augeas/TransMediaLint,6,3,120,2022-03-26 13:22:07,3
WF-PriceCompare-24,https://github.com/zuri-training/WF-PriceCompare-24,18,13,164,2023-06-05 07:20:55,21
django-termsandconditions,https://github.com/cyface/django-termsandconditions,102,16,717,2023-10-14 09:47:50,50
geopuzzle,https://github.com/TyVik/geopuzzle,51,9,1212,2023-10-24 05:33:50,12
wordbank,https://github.com/langcog/wordbank,60,12,2633,2023-07-29 11:03:18,9
backend,https://github.com/chronhq/backend,6,8,859,2023-02-04 13:06:37,1
Django-React-jwt-authentication,https://github.com/seankwarren/Django-React-jwt-authentication,31,0,21,2023-11-07 18:57:32,8
linkedevents,https://github.com/City-of-Helsinki/linkedevents,21,41,2602,2023-06-14 01:21:47,41
kerrokantasi,https://github.com/City-of-Helsinki/kerrokantasi,8,31,1193,2023-09-28 03:36:57,15
eamon,https://github.com/kdechant/eamon,20,2,846,2023-05-22 17:58:22,5
klee-web,https://github.com/klee/klee-web,48,12,543,2022-05-13 07:12:50,13
personal,https://github.com/smartjef/personal,5,0,80,2022-11-22 06:18:44,3
Shealth,https://github.com/Servatom/Shealth,18,9,125,2023-09-19 04:13:29,9
ben-iyiyim,https://github.com/acikyazilimagi/ben-iyiyim,26,9,173,2023-09-28 11:45:06,14
StockazIO,https://github.com/rhaamo/StockazIO,17,4,1669,2023-05-26 09:35:22,1
ecommerce-Django-,https://github.com/khalilSaidane/ecommerce-Django-,5,0,16,2021-09-17 06:17:18,1
FPbase,https://github.com/tlambert03/FPbase,54,8,1796,2023-10-23 16:11:16,5
SpaceVision,https://github.com/GreenPlanet0204/SpaceVision,5,0,16,2023-09-03 19:27:07,0
DALME-Online-Database,https://github.com/DALME/DALME-Online-Database,6,7,1461,2023-05-08 20:33:52,3
omogenjudge,https://github.com/jsannemo/omogenjudge,6,2,15,2023-04-10 18:39:46,4
Monta,https://github.com/emoss08/Monta,15,4,2065,2023-10-25 17:57:28,3
sheep,https://github.com/PrimaryCY/sheep,22,0,104,2023-09-05 10:38:52,5
personal-website,https://github.com/jkariscodes/personal-website,7,2,332,2023-10-29 04:04:31,0
MedAlthea,https://github.com/YadavGulshan/MedAlthea,7,6,516,2023-09-28 17:56:02,4
Favicon_gen-Team-68,https://github.com/zuri-training/Favicon_gen-Team-68,15,11,638,2022-10-22 11:44:33,6
Zappa,https://github.com/zappa/Zappa,2756,229,3031,2023-11-10 06:38:34,368
Python-Notes,https://github.com/wx-chevalier/Python-Notes,15,0,124,2023-08-24 11:30:15,6
saleor-multi-vendor,https://github.com/Saleor-Multi-Vendor/saleor-multi-vendor,115,182,19090,2023-10-10 12:47:27,17
Smathchat,https://github.com/zoelesv/Smathchat,11,3,65,2023-08-11 10:09:02,1
guyamoe,https://github.com/subject-f/guyamoe,429,12,879,2023-10-31 05:58:49,64
TIL,https://github.com/code-sum/TIL,23,0,211,2023-10-08 11:54:37,2
django-beam,https://github.com/django-beam/django-beam,14,5,415,2023-07-27 11:02:17,4
lego,https://github.com/webkom/lego,52,56,5068,2023-10-05 14:48:54,19
grouprise,https://github.com/grouprise/grouprise,11,5,4537,2023-08-23 23:28:30,5
Ouroboros,https://github.com/tamuhack-org/Ouroboros,27,19,940,2023-10-16 19:30:38,7
seoul42-v1,https://github.com/progresshans/seoul42-v1,17,3,158,2021-06-09 22:19:07,1
xiaoshuo_Django,https://github.com/yankangjia/xiaoshuo_Django,11,0,84,2023-08-11 03:27:58,1
blaggregator,https://github.com/recursecenter/blaggregator,58,19,656,2023-10-27 23:47:52,35
LEAN-LIFE,https://github.com/INK-USC/LEAN-LIFE,23,5,247,2023-03-25 23:58:38,3
e-commerce,https://github.com/IuliiaKonovalova/e-commerce,6,0,2222,2023-10-27 13:49:05,4
ebussiness,https://github.com/xianggu625/ebussiness,17,0,55,2023-11-09 05:18:06,17
tafferugli,https://github.com/sowdust/tafferugli,361,3,94,2023-10-10 14:16:01,57
django-object-detection,https://github.com/CodingMantras/django-object-detection,33,2,57,2023-11-03 13:39:15,17
kindle-clippings,https://github.com/mammuth/kindle-clippings,140,4,149,2023-09-25 13:42:21,13
packone,https://github.com/cas-packone/packone,35,3,278,2022-02-28 09:36:39,10
stave,https://github.com/asyml/stave,45,12,347,2023-10-08 05:57:56,18
rest_xops,https://github.com/xufqing/rest_xops,516,0,72,2023-10-10 03:01:49,289
collabman,https://github.com/anshumanv/collabman,10,5,162,2021-05-27 04:45:32,2
django-dashboards,https://github.com/app-generator/django-dashboards,275,0,172,2023-10-30 09:56:36,54
viewflow,https://github.com/viewflow/viewflow,2465,2,126,2023-11-08 20:13:22,383
django-saml-sp,https://github.com/imsweb/django-saml-sp,13,6,38,2023-09-13 10:05:48,8
react-django-blog-app,https://github.com/nz-m/react-django-blog-app,8,2,54,2023-10-21 14:53:31,2
ddosdb,https://github.com/ddos-clearing-house/ddosdb,7,5,386,2023-09-28 10:58:11,4
django-saml2-pro-auth,https://github.com/zibasec/django-saml2-pro-auth,30,12,123,2022-12-09 01:26:31,28
automation_center,https://github.com/bobjiangps/automation_center,13,0,199,2023-04-08 04:08:11,0
django-access,https://github.com/nnseva/django-access,75,3,116,2023-10-24 14:03:23,4
sharespots,https://github.com/PolyglotDevsLondon/sharespots,5,23,406,2023-02-27 17:45:33,5
spi-media-gallery,https://github.com/Swiss-Polar-Institute/spi-media-gallery,5,5,715,2022-09-10 10:14:07,2
cla_backend,https://github.com/ministryofjustice/cla_backend,5,39,4382,2023-02-02 15:45:35,7
SSIP,https://github.com/sameertak/SSIP,8,0,257,2023-07-07 09:35:56,0
Group_Study,https://github.com/TomNgo03/Group_Study,10,0,72,2023-07-23 22:58:40,0
django-template-heroku,https://github.com/laymonage/django-template-heroku,22,3,44,2023-03-26 03:13:32,7
wagtail-torchbox,https://github.com/torchbox/wagtail-torchbox,123,53,3634,2023-11-07 12:37:17,46
ansible-openwisp2,https://github.com/openwisp/ansible-openwisp2,452,46,545,2023-11-04 08:47:24,129
website,https://github.com/okfn/website,105,20,1548,2023-11-08 13:08:46,131
JMS,https://github.com/RUBi-ZA/JMS,19,5,113,2023-10-20 15:17:50,15
graphene-django,https://github.com/graphql-python/graphene-django,4155,195,957,2023-11-10 06:13:02,751
2023-2-Squad11,https://github.com/unb-mds/2023-2-Squad11,8,8,492,2023-11-02 15:45:50,0
Qexo,https://github.com/Qexo/Qexo,1035,7,718,2023-11-11 00:45:41,180
Tribal-Wars-Planer,https://github.com/rafsaf/Tribal-Wars-Planer,5,2,1277,2023-07-20 04:16:16,0
OnlineJudge,https://github.com/QingdaoU/OnlineJudge,5614,18,1917,2023-11-10 05:30:44,1412
network-pulse-api,https://github.com/mozilla/network-pulse-api,11,17,445,2023-09-28 18:03:08,22
favours,https://github.com/favours-io/favours,15,2,145,2023-11-08 15:18:38,3
langate2000,https://github.com/InsaLan/langate2000,5,9,165,2022-03-12 17:03:38,3
drf-stripe-subscription,https://github.com/oscarychen/drf-stripe-subscription,88,4,43,2023-10-01 03:55:59,11
J.A.R.V.I.S,https://github.com/AnubhavMadhav/J.A.R.V.I.S,29,3,87,2023-09-09 13:15:29,8
archivematica,https://github.com/artefactual/archivematica,382,53,4346,2023-11-06 06:20:28,104
cryptotoken-converter,https://github.com/Privex/cryptotoken-converter,22,2,99,2023-10-26 20:35:38,9
Crypt-Server,https://github.com/grahamgilbert/Crypt-Server,118,28,394,2023-07-27 21:13:55,44
badger,https://github.com/19network42/badger,6,6,431,2023-05-09 07:38:52,0
django-static-class-minifier,https://github.com/Navaneeth-Nagesh/django-static-class-minifier,6,2,30,2023-09-23 21:46:58,0
Shopping,https://github.com/SepehrBazyar/Shopping,7,0,162,2023-07-21 08:57:38,1
Objectify,https://github.com/ShubhamKrSingh21/Objectify,6,5,33,2022-10-14 03:23:19,16
census,https://github.com/ireapps/census,139,7,757,2023-09-20 23:56:29,33
indok-web,https://github.com/rubberdok/indok-web,17,34,5458,2023-10-20 15:59:54,5
datatracker,https://github.com/ietf-tools/datatracker,356,62,15966,2023-11-08 20:47:04,322
family-law-act-app,https://github.com/bcgov/family-law-act-app,6,16,2643,2023-06-18 00:07:57,10
ds-wagtail,https://github.com/nationalarchives/ds-wagtail,8,27,2365,2023-06-20 14:44:49,4
orgapy,https://github.com/ychalier/orgapy,5,2,255,2023-09-14 17:09:12,0
loony-tunes,https://github.com/ptp28/loony-tunes,5,2,31,2023-01-19 13:37:51,3
fresh-api,https://github.com/Ivy-1996/fresh-api,7,2,26,2023-03-10 04:14:29,2
Shopify,https://github.com/sadeghesfahani/Shopify,9,0,137,2023-03-07 02:25:20,1
bread,https://github.com/basxsoftwareassociation/bread,16,11,2379,2023-06-05 19:17:08,2
mycloud,https://github.com/wil-wu/mycloud,23,0,63,2023-10-10 01:53:25,5
Visual-Option-Chain-Graph,https://github.com/WillWcchan/Visual-Option-Chain-Graph,5,0,121,2023-08-10 05:14:10,1
mysite,https://github.com/yooongchun/mysite,12,0,18,2023-10-05 06:14:46,16
ecommerce,https://github.com/nelsonwenner/ecommerce,58,3,309,2023-08-04 13:36:24,33
2do1ist,https://github.com/balloonio/2do1ist,13,2,27,2023-11-07 12:50:42,7
millennium-panel,https://github.com/pc-coholic/millennium-panel,8,0,31,2022-11-29 06:27:34,3
noxcrux,https://github.com/noxPHX/noxcrux,10,0,321,2023-02-01 02:13:53,2
food-tracker,https://github.com/BobsProgrammingAcademy/food-tracker,9,0,59,2023-11-05 00:16:28,5
crt-portal,https://github.com/usdoj-crt/crt-portal,14,22,6355,2023-07-12 12:36:21,19
django-bootstrap-template,https://github.com/GriceTurrble/django-bootstrap-template,34,3,106,2023-10-11 03:55:48,3
Django-React-Discussion-Forum,https://github.com/sn0218/Django-React-Discussion-Forum,5,0,115,2023-09-20 17:20:30,4
Quizzit,https://github.com/diyajaiswal11/Quizzit,14,0,26,2023-05-25 18:49:51,1
vagrant-registry,https://github.com/polart/vagrant-registry,12,0,143,2023-06-26 02:35:10,0
swirl-search,https://github.com/swirlai/swirl-search,1081,22,2899,2023-11-10 22:07:51,89
FullStack_Ecommerce_App,https://github.com/YashMarmat/FullStack_Ecommerce_App,34,0,20,2023-11-08 10:16:05,27
BackendOrmi,https://github.com/weniv/BackendOrmi,21,3,80,2023-09-10 23:47:43,2
django_vue_rbac,https://github.com/qiumozhou/django_vue_rbac,5,0,30,2023-09-05 07:39:52,3
pthelper,https://github.com/xingsu1021/pthelper,53,0,113,2023-10-22 05:06:19,4
murmur,https://github.com/haystack/murmur,24,11,1749,2023-06-01 22:44:11,13
balapanlar,https://github.com/Studio-Yandex-Practicum/balapanlar,6,9,215,2023-04-07 23:43:31,0
LLMStack,https://github.com/trypromptly/LLMStack,664,6,679,2023-11-10 13:37:36,95
foodgram-project-react,https://github.com/RussianPostman/foodgram-project-react,9,0,20,2023-08-06 19:10:50,2
django-echarts,https://github.com/kinegratii/django-echarts,247,0,301,2023-10-26 02:41:47,70
django-socialprofile,https://github.com/cyface/django-socialprofile,23,2,934,2022-05-17 22:40:54,11
very_good_blog_app,https://github.com/dungngminh/very_good_blog_app,18,4,117,2023-10-07 07:07:52,3
trias-explorer,https://github.com/trias-lab/trias-explorer,11,7,410,2023-08-30 02:34:29,2
petsygram,https://github.com/peterzernia/petsygram,28,2,88,2022-10-15 06:38:38,9
openhexa-app,https://github.com/BLSQ/openhexa-app,10,11,1527,2023-03-17 17:00:17,5
Backend,https://github.com/Code-dig-ger/Backend,13,13,646,2023-08-04 15:51:15,15
network-traffic-analysis,https://github.com/MitchellX/network-traffic-analysis,14,0,27,2023-07-28 08:19:05,3
pocs-official-web,https://github.com/Eidard/pocs-official-web,6,5,89,2021-08-06 06:06:49,0
mailer_server,https://github.com/spapas/mailer_server,7,2,259,2022-08-14 13:58:50,4
ojah,https://github.com/mylk/ojah,10,0,182,2023-07-08 12:38:09,1
ExamOnline,https://github.com/520118202/ExamOnline,160,0,23,2023-11-09 14:24:29,65
Django-Batch3,https://github.com/vijaykumar10022/Django-Batch3,14,5,67,2022-06-24 11:30:32,11
exporterhub.io,https://github.com/NexClipper/exporterhub.io,339,36,2228,2023-09-19 10:14:54,57
puzzlord,https://github.com/galacticpuzzlehunt/puzzlord,28,8,44,2023-09-17 04:46:37,19
OpenEduAnalytics,https://github.com/microsoft/OpenEduAnalytics,199,33,2601,2023-11-08 12:23:22,91
frankenstein,https://github.com/seemoo-lab/frankenstein,402,5,81,2023-11-03 10:25:33,66
django2-resumable,https://github.com/leriomaggio/django2-resumable,8,2,19,2022-09-08 14:07:01,3
genomics-workspace,https://github.com/NAL-i5K/genomics-workspace,12,16,1359,2022-10-17 07:57:57,6
WebHashcat,https://github.com/hegusung/WebHashcat,261,3,105,2023-11-07 18:11:19,59
ClimateSERV2,https://github.com/SERVIR/ClimateSERV2,7,7,1249,2023-09-08 11:51:27,1
django_react_template,https://github.com/Terkea/django_react_template,19,3,121,2023-10-10 18:16:33,1
jumga,https://github.com/Taycode/jumga,5,2,265,2022-05-06 22:17:41,1
gcd-django,https://github.com/GrandComicsDatabase/gcd-django,85,16,3178,2023-10-29 15:50:03,28
spotseeker_server,https://github.com/uw-it-aca/spotseeker_server,9,34,1741,2023-03-28 12:25:44,8
engage-backend,https://github.com/hackla-engage/engage-backend,9,11,546,2023-07-08 03:20:25,16
TiBillet,https://github.com/TiBillet/TiBillet,6,4,1056,2023-11-02 12:51:18,1
ProjectAlpha,https://github.com/StephenXie/ProjectAlpha,7,8,397,2022-05-18 20:45:07,1
Yearning-python,https://github.com/cookieY/Yearning-python,12,2,19,2023-05-30 02:56:29,13
SYSU-Software-2017,https://github.com/igemsoftware2017/SYSU-Software-2017,37,4,457,2023-10-10 02:56:22,6
decompiler-explorer,https://github.com/decompiler-explorer/decompiler-explorer,1488,10,234,2023-11-10 10:01:48,92
django-bookstore-app,https://github.com/Alimov-8/django-bookstore-app,5,0,87,2023-06-01 11:49:35,1
HelloWorldWebsite,https://github.com/raghavdhingra/HelloWorldWebsite,5,4,311,2021-10-30 07:52:50,6
Goodleaf,https://github.com/amit-timalsina/Goodleaf,7,3,86,2023-10-24 17:49:18,1
KEKPETS,https://github.com/KEKDATA/KEKPETS,9,2,64,2022-03-24 10:13:47,0
baserow,https://github.com/bram2w/baserow,1765,39,3392,2023-11-10 08:31:52,201
django_ai_arena,https://github.com/YukkuriC/django_ai_arena,16,3,321,2023-06-27 08:48:45,3
one-platform,https://github.com/riso-tech/one-platform,6,4,534,2022-12-15 00:00:22,1
kiteco-public,https://github.com/kiteco/kiteco-public,676,0,11,2023-11-05 23:32:56,167
ResonantGeoData,https://github.com/ResonantGeoData/ResonantGeoData,55,17,816,2023-11-01 19:46:14,8
django-api-admin,https://github.com/demon-bixia/django-api-admin,49,3,93,2023-10-26 12:43:02,5
django-phantom-theme,https://github.com/fearlessspider/django-phantom-theme,19,0,20,2022-06-26 09:45:03,3
candleaf,https://github.com/seuno-dev/candleaf,5,2,396,2023-10-17 04:58:12,2
The-Gallery-of-Computation,https://github.com/raunit-x/The-Gallery-of-Computation,8,2,275,2023-08-17 22:13:44,3
django_with_react,https://github.com/lpm0073/django_with_react,7,2,192,2023-11-05 09:22:37,2
Quiz-App,https://github.com/todi-2000/Quiz-App,12,13,101,2023-10-30 19:53:45,27
DEX,https://github.com/tongochi/DEX,6,4,176,2023-09-11 04:34:05,0
djangopbx,https://github.com/djangopbx/djangopbx,9,4,325,2023-11-08 18:08:02,4
squarelet,https://github.com/MuckRock/squarelet,9,11,940,2023-07-02 01:19:40,9
django-vite-plugin,https://github.com/protibimbok/django-vite-plugin,50,3,95,2023-11-03 17:25:08,5
dfa-persian,https://github.com/ftg-iran/dfa-persian,189,22,205,2023-11-07 09:39:08,46
sentag,https://github.com/AlbertoZerbinati/sentag,5,3,248,2022-11-29 12:26:25,3
Tilde,https://github.com/Umuzi-org/Tilde,49,25,1580,2023-11-07 14:25:47,34
rengine,https://github.com/yogeshojha/rengine,6031,65,3237,2023-11-10 20:15:53,950
django-ca,https://github.com/mathiasertl/django-ca,123,12,6247,2023-11-06 05:43:29,41
Video-to-Retail-Platform,https://github.com/cap-ntu/Video-to-Retail-Platform,138,5,151,2023-09-03 17:33:46,43
job-portal,https://github.com/karishmashuklaa/job-portal,19,0,27,2023-10-11 22:23:38,6
recast,https://github.com/xurble/recast,6,2,96,2023-10-30 23:42:28,0
pinax-forums,https://github.com/pinax/pinax-forums,26,9,168,2023-03-12 16:10:30,16
osm-export-tool,https://github.com/hotosm/osm-export-tool,136,23,2208,2023-11-03 07:35:09,45
circles,https://github.com/nfoert/circles,15,6,201,2023-11-06 02:16:19,9
Proj_team_17_my_cms,https://github.com/zuri-training/Proj_team_17_my_cms,6,17,386,2022-08-30 00:58:14,22
data-hub-api,https://github.com/uktrade/data-hub-api,12,73,10819,2023-08-24 11:46:18,12
CBT-therapy,https://github.com/tulikavijay/CBT-therapy,21,7,55,2023-06-07 15:32:12,19
mrmap,https://github.com/mrmap-community/mrmap,11,11,5083,2023-07-16 06:49:20,6
EDMC-CDMC-v1-14-Control_Mapping,https://github.com/Snowflake-Labs/EDMC-CDMC-v1-14-Control_Mapping,8,2,28,2022-09-13 22:06:09,3
posthog,https://github.com/PostHog/posthog,14278,184,14875,2023-11-10 09:21:41,859
makestack,https://github.com/makepath/makestack,11,4,161,2023-02-20 00:19:03,2
minos,https://github.com/XiaoMi/minos,520,8,249,2023-11-03 17:10:27,204
hitchstory,https://github.com/hitchdev/hitchstory,68,2,1164,2023-11-07 01:43:42,3
vast-pipeline,https://github.com/askap-vast/vast-pipeline,6,10,1743,2023-11-10 06:04:56,3
YouTube_Analyzer,https://github.com/MagicTearsAsunder/YouTube_Analyzer,13,2,12,2022-10-04 04:17:12,1
myblog,https://github.com/evilbinary/myblog,129,16,220,2023-10-16 01:17:34,73
DRF-API-Logger,https://github.com/vishalanandl177/DRF-API-Logger,264,10,86,2023-11-03 10:52:59,49
ulaskelas-backend,https://github.com/ristekoss/ulaskelas-backend,186,10,232,2023-09-16 05:31:32,0
learning-management-system,https://github.com/umairqadir97/learning-management-system,12,0,36,2023-01-11 15:38:40,7
galv,https://github.com/Battery-Intelligence-Lab/galv,30,7,717,2023-10-12 15:04:25,7
django-vue-mpa,https://github.com/ilikerobots/django-vue-mpa,84,0,24,2023-08-12 15:55:10,26
django-salesman,https://github.com/dinoperovic/django-salesman,335,3,185,2023-11-07 12:53:32,39
squest,https://github.com/HewlettPackard/squest,242,5,1036,2023-11-07 15:37:40,41
blueking-paas,https://github.com/TencentBlueKing/blueking-paas,133,12,1040,2023-11-10 09:50:49,38
python-mapswipe-workers,https://github.com/mapswipe/python-mapswipe-workers,25,24,2946,2023-05-28 16:50:43,8
TIL,https://github.com/sinkyoungdeok/TIL,20,0,831,2023-06-01 01:56:00,3
temmpo,https://github.com/MRCIEU/temmpo,5,8,1826,2023-11-09 15:49:42,1
ApiVault,https://github.com/Exifly/ApiVault,323,19,685,2023-11-10 08:29:21,31
LifeChek,https://github.com/surbhi2408/LifeChek,5,3,43,2023-06-16 09:20:48,3
django-react-template,https://github.com/robdox/django-react-template,22,3,28,2023-05-24 21:44:01,4
django-dashboard-shards,https://github.com/app-generator/django-dashboard-shards,30,0,29,2023-10-05 04:25:42,16
ksg-nett,https://github.com/KSG-IT/ksg-nett,10,10,1742,2023-07-18 21:02:14,1
Vectra,https://github.com/VTIvanov20/Vectra,8,4,150,2023-05-08 21:01:39,0
stregsystemet,https://github.com/f-klubben/stregsystemet,34,37,629,2023-10-27 12:32:43,42
MovieRecommend,https://github.com/JaniceWuo/MovieRecommend,570,0,65,2023-11-10 00:10:26,136
django-project-template,https://github.com/skorokithakis/django-project-template,157,6,118,2023-08-12 19:32:46,45
grai-core,https://github.com/grai-io/grai-core,239,13,947,2023-11-08 03:57:58,20
fastor,https://github.com/edisonlz/fastor,226,0,107,2023-07-29 04:56:34,11
autotap,https://github.com/zlfben/autotap,5,2,10,2023-02-25 05:30:03,5
django-auth-ldap-ad,https://github.com/susundberg/django-auth-ldap-ad,75,5,50,2023-09-14 07:02:56,26
temat,https://github.com/pablolmedorado/temat,13,2,430,2023-10-21 17:19:39,0
Photo-Album-App,https://github.com/hossainchisty/Photo-Album-App,5,3,37,2023-10-23 12:29:51,0
django-starter,https://github.com/mucahitnezir/django-starter,6,2,128,2021-07-03 15:02:51,0
Note-keeping-app-django,https://github.com/punitzen/Note-keeping-app-django,6,2,37,2023-10-08 18:17:54,5
thbattle,https://github.com/feisuzhu/thbattle,397,5,2354,2023-09-21 22:48:09,93
izone,https://github.com/Hopetree/izone,1024,2,982,2023-11-09 07:30:35,354
Face-Find,https://github.com/ashavijit/Face-Find,5,0,24,2023-03-18 19:34:38,0
bk-log,https://github.com/TencentBlueKing/bk-log,114,14,5522,2023-10-26 04:06:17,51
C1-Backend-con-Python-2020,https://github.com/beduExpert/C1-Backend-con-Python-2020,5,0,36,2023-03-21 22:30:59,15
MediumScraper,https://github.com/sudonitin/MediumScraper,17,0,36,2023-08-02 16:52:26,2
ponytone,https://github.com/Katharine/ponytone,12,2,144,2023-01-31 16:52:06,7
partuniverse,https://github.com/frlan/partuniverse,11,8,1146,2023-02-12 14:09:37,7
NEMO,https://github.com/usnistgov/NEMO,110,14,2124,2023-11-07 04:19:17,57
djengu,https://github.com/johnckealy/djengu,16,3,83,2023-08-08 15:51:37,6
BlackStone,https://github.com/thunderbarca/BlackStone,48,0,25,2023-11-03 07:04:11,14
timestrap,https://github.com/overshard/timestrap,1664,11,1249,2023-11-07 12:45:20,103
YingOps,https://github.com/xiaoqying/YingOps,8,0,20,2023-10-25 08:56:27,6
triphelper,https://github.com/claudioavgo/triphelper,6,6,318,2023-10-31 00:50:23,0
nextbox-ui-plugin,https://github.com/Qwiko/nextbox-ui-plugin,8,8,136,2023-09-05 03:25:41,0
vas3k.club,https://github.com/vas3k/vas3k.club,682,108,1283,2023-11-10 12:29:58,222
orochi,https://github.com/LDO-CERT/orochi,169,8,1267,2023-11-09 19:23:13,16
fx-private-relay,https://github.com/mozilla/fx-private-relay,1325,33,9115,2023-11-10 11:19:58,162
05_PipelineFinatec,https://github.com/ResidenciaTICBrisa/05_PipelineFinatec,5,7,277,2023-10-25 16:14:19,0
django_on_gcp,https://github.com/TobKed/django_on_gcp,49,2,40,2023-08-10 15:01:23,5
dear-petition,https://github.com/deardurham/dear-petition,10,11,970,2023-07-11 04:11:43,15
Blog-API,https://github.com/ExpressHermes/Blog-API,11,5,53,2023-09-16 01:28:25,10
egazette,https://github.com/sushant354/egazette,18,0,189,2023-11-02 08:09:57,7
djaodjin-saas,https://github.com/djaodjin/djaodjin-saas,494,10,1855,2023-11-07 05:41:09,122
dwitter,https://github.com/lionleaf/dwitter,744,36,925,2023-11-05 06:51:18,68
fine-water-flow,https://github.com/XUANLANcognition/fine-water-flow,26,3,310,2023-04-29 13:31:47,6
Hermes,https://github.com/PainterPuppets/Hermes,9,2,58,2023-06-19 10:09:19,0
edcNITD-website,https://github.com/edcNITD-website/edcNITD-website,5,19,479,2023-06-24 10:28:11,12
eco-crud-django-react,https://github.com/Panichevnyi/eco-crud-django-react,13,0,151,2023-08-26 06:12:37,3
Project-Guidance,https://github.com/Kushal997-das/Project-Guidance,361,113,2415,2023-11-05 15:18:27,229
bearblog,https://github.com/HermanMartinus/bearblog,1855,11,1195,2023-11-08 10:03:14,61
Auth-Wiki---Team-5,https://github.com/zuri-training/Auth-Wiki---Team-5,9,4,37,2022-09-28 16:19:12,5
Distributed_DataMesh_2.0_Cloud_Implementation,https://github.com/DeepHiveMind/Distributed_DataMesh_2.0_Cloud_Implementation,33,0,253,2023-10-30 12:49:35,12
cafesys,https://github.com/Baljan/cafesys,13,18,1635,2023-08-29 12:33:14,6
sysreptor,https://github.com/Syslifters/sysreptor,661,6,552,2023-11-10 10:33:19,64
segmentoj,https://github.com/segment-oj/segmentoj,9,6,441,2023-07-13 07:56:12,2
webvirtcloud,https://github.com/retspen/webvirtcloud,1489,41,1288,2023-11-10 02:04:32,353
django_proxy_server,https://github.com/lmanzurv/django_proxy_server,12,2,51,2022-01-23 07:05:57,4
gymkhana,https://github.com/BitByte-TPC/gymkhana,9,15,118,2023-06-02 12:02:20,21
SuperCMDB,https://github.com/yangmv/SuperCMDB,16,0,34,2022-06-18 06:32:13,3
freedomvote,https://github.com/freedomvote/freedomvote,17,15,633,2023-04-11 14:34:26,13
optimus,https://github.com/thePercept/optimus,7,2,20,2023-01-13 03:52:49,1
Django_web,https://github.com/StrayCamel247/Django_web,72,2,129,2023-08-23 12:23:02,13
FloweryDays,https://github.com/AsunaMasuda/FloweryDays,5,0,508,2023-10-26 23:31:17,4
Django-E-Commerce,https://github.com/celikyuksell/Django-E-Commerce,227,0,39,2023-11-06 01:06:39,105
bizarre-poker,https://github.com/MishaVyb/bizarre-poker,6,0,74,2023-10-11 01:14:47,2
ecommerce-auction-website,https://github.com/BobsProgrammingAcademy/ecommerce-auction-website,29,0,39,2023-10-23 09:56:50,14
2022.2_G3_SpotHood,https://github.com/UnBArqDsw2022-2/2022.2_G3_SpotHood,5,10,365,2023-02-25 09:34:15,1
WordReview,https://github.com/Benature/WordReview,329,3,138,2023-11-05 05:40:29,58
SMART,https://github.com/RTIInternational/SMART,208,13,1412,2023-10-04 10:10:35,28
govtrack.us-web,https://github.com/govtrack/govtrack.us-web,349,14,3444,2023-10-20 19:07:09,78
asr-corpus-creator,https://github.com/egorsmkv/asr-corpus-creator,27,0,79,2023-11-02 04:27:04,3
instaz,https://github.com/sbenemerito/instaz,9,2,120,2023-08-07 05:10:11,3
django-components,https://github.com/EmilStenstrom/django-components,742,27,692,2023-11-09 23:19:52,42
Project-Libra,https://github.com/tinkerhubcek/Project-Libra,31,4,143,2023-10-22 07:38:52,15
Ocserv-Ubuntu,https://github.com/HamedAp/Ocserv-Ubuntu,19,0,25,2023-09-19 06:17:22,8
YundingFullStack,https://github.com/SalengNotLittleMeng/YundingFullStack,15,61,1131,2023-07-25 13:01:43,64
pyensemble,https://github.com/janatalab/pyensemble,5,5,710,2023-10-06 21:28:09,0
ProjectNP,https://github.com/PrrrStar/ProjectNP,6,6,538,2020-11-14 02:27:59,3
ecommerce_project,https://github.com/Muskan0/ecommerce_project,9,0,22,2022-06-30 10:29:04,0
Webshell-Detection-Tool,https://github.com/zhangchi991022/Webshell-Detection-Tool,6,0,10,2023-07-05 18:51:27,2
isimip-data,https://github.com/ISI-MIP/isimip-data,5,3,639,2023-05-07 13:00:27,0
IdGen,https://github.com/jomyemmanuel/IdGen,5,0,14,2023-08-28 12:28:20,1
associados,https://github.com/apyb/associados,106,33,628,2023-07-14 19:20:21,50
firstdraft,https://github.com/FirstDraftGIS/firstdraft,11,0,987,2023-06-23 16:23:56,2
mentors,https://github.com/mattfreire/mentors,11,0,49,2023-09-30 15:52:38,4
DynamicForms,https://github.com/velis74/DynamicForms,43,9,1226,2023-10-16 13:56:36,7
django-expense-tracker,https://github.com/manuel12/django-expense-tracker,6,3,435,2023-10-19 12:01:02,4
CiscoDevnetSIH2020_Kamikazey,https://github.com/shubhank-saxena/CiscoDevnetSIH2020_Kamikazey,10,8,165,2023-03-04 09:49:34,2
AIDiary,https://github.com/thisishoon/AIDiary,6,0,76,2022-04-19 07:49:44,1
yjdh,https://github.com/City-of-Helsinki/yjdh,7,30,3240,2023-01-31 18:52:01,8
timeclock,https://github.com/visgence/timeclock,6,5,621,2023-03-06 07:12:45,7
taskcamp,https://github.com/iliadmitriev/taskcamp,6,2,712,2023-06-20 16:22:03,0
portfolio-backend,https://github.com/base-angewandte/portfolio-backend,6,7,1199,2023-08-21 15:36:34,3
LPOJ,https://github.com/Linzecong/LPOJ,214,4,377,2023-10-27 13:31:52,67
django-ecommerce,https://github.com/yashgo0018/django-ecommerce,29,2,124,2023-10-21 22:26:52,17
SEG_Major_Group,https://github.com/hihi-itsann/SEG_Major_Group,7,8,749,2023-02-08 17:23:46,0
student-attendance-system,https://github.com/sevbo2003/student-attendance-system,15,0,83,2023-06-05 12:01:14,0
iguana,https://github.com/iguana-project/iguana,61,3,607,2023-11-04 16:33:46,8
project_system,https://github.com/omursahin/project_system,13,23,142,2023-08-04 08:34:36,6
E-Health-Care,https://github.com/Pradip-p/E-Health-Care,17,3,189,2023-11-07 15:26:08,10
ariadne-extended,https://github.com/patriotresearch/ariadne-extended,5,4,96,2022-11-13 17:20:31,3
django-nuxt-social-crud,https://github.com/lloydtao/django-nuxt-social-crud,6,0,23,2023-11-05 13:12:49,0
fengfeng_blog,https://github.com/fengfengzhidao/fengfeng_blog,79,2,67,2023-10-27 09:11:03,20
online_store,https://github.com/Pavel-Leo/online_store,5,0,53,2023-09-09 19:08:39,0
wq.db,https://github.com/wq/wq.db,115,3,786,2023-10-10 17:21:13,18
django-webauth,https://github.com/asnelling/django-webauth,6,0,19,2022-12-16 15:49:55,1
UK-Polling-Stations,https://github.com/DemocracyClub/UK-Polling-Stations,30,32,6694,2023-05-04 14:17:45,28
ds4reboot,https://github.com/studentenhuisDS4/ds4reboot,5,7,770,2021-12-02 19:01:54,0
migasfree,https://github.com/migasfree/migasfree,32,6,3320,2023-09-24 10:28:59,7
gwells,https://github.com/bcgov/gwells,26,60,9073,2023-08-28 11:45:07,35
pinax-teams,https://github.com/pinax/pinax-teams,47,18,286,2023-09-29 08:30:07,34
Linkedin-Clone-backend,https://github.com/dhruv-goyal-10/Linkedin-Clone-backend,9,0,39,2023-11-05 09:52:58,4
azimuth,https://github.com/stackhpc/azimuth,26,9,818,2023-10-25 08:50:30,3
sorbay,https://github.com/sorbayhq/sorbay,252,4,60,2023-11-05 03:33:21,7
cookiecutter-django,https://github.com/cookiecutter/cookiecutter-django,10999,363,7128,2023-11-10 09:19:31,2735
Kive,https://github.com/cfe-lab/Kive,7,12,4726,2022-12-14 22:27:20,1
geocity,https://github.com/yverdon/geocity,14,18,4578,2023-09-12 11:44:40,9
vaccination-centres,https://github.com/stuartelimu/vaccination-centres,9,4,90,2022-10-18 13:43:43,7
easy-school,https://github.com/ZeroCoolHacker/easy-school,113,11,208,2023-11-06 23:58:44,74
led-board-manager,https://github.com/sflems/led-board-manager,22,3,704,2023-11-10 19:44:33,0
django-diy-blog,https://github.com/mdn/django-diy-blog,197,7,32,2023-11-06 09:44:15,126
HousePricePrediction_website,https://github.com/shhubhxm/HousePricePrediction_website,7,0,15,2021-05-19 11:46:28,2
django-google-maps,https://github.com/LegolasVzla/django-google-maps,9,0,104,2023-09-25 17:28:43,6
embark,https://github.com/e-m-b-a/embark,223,17,2302,2023-11-06 06:09:54,35
project-lion-backend-django,https://github.com/3chamchi/project-lion-backend-django,20,0,17,2023-08-21 05:29:39,18
clovar_cms,https://github.com/zuri-training/clovar_cms,8,14,286,2023-05-03 02:42:37,8
ELFEN,https://github.com/nikhilh-20/ELFEN,85,0,48,2023-11-09 03:57:33,10
comohay,https://github.com/daxslab/comohay,6,3,367,2022-05-03 22:08:05,1
djavue3,https://github.com/evolutio/djavue3,40,5,111,2023-11-09 07:40:00,9
route4me-curl,https://github.com/route4me/route4me-curl,5,5,1470,2023-02-11 16:25:19,8
Full-Stack-Cloud-Dev-Capstone-Project,https://github.com/SebastianRokholt/Full-Stack-Cloud-Dev-Capstone-Project,23,5,55,2023-10-17 22:21:50,47
hoodie,https://github.com/milymilo-ballpit/hoodie,6,0,23,2023-09-06 12:02:38,1
netbox,https://github.com/netbox-community/netbox,13423,275,12023,2023-11-10 07:25:56,2268
callblocker,https://github.com/gmega/callblocker,5,2,151,2022-08-02 21:44:08,0
Farm_Fresh,https://github.com/Komal7209/Farm_Fresh,11,3,42,2023-08-04 04:01:57,5
quiz,https://github.com/neeraj1909/quiz,19,0,19,2023-08-14 17:10:42,9
DotSlashProj,https://github.com/shayan-cyber/DotSlashProj,7,3,37,2023-08-30 21:15:26,3
aalondon,https://github.com/AaLondon/aalondon,5,6,946,2023-01-16 11:27:15,3
ConferenceApp,https://github.com/saatvikj/ConferenceApp,6,2,184,2020-11-11 03:37:40,0
Shipping-System-Management,https://github.com/NgoQuocBao1010/Shipping-System-Management,21,0,138,2023-11-02 05:43:36,7
truck_signs_api,https://github.com/Ceci-Aguilera/truck_signs_api,22,0,103,2023-10-02 14:24:41,5
starter-template,https://github.com/Django-LiveView/starter-template,41,0,134,2023-10-11 07:51:56,2
Serverless-Django,https://github.com/codingforentrepreneurs/Serverless-Django,42,2,29,2023-10-15 09:43:21,29
Django-Advanced-Boilerplate,https://github.com/CodingMantras/Django-Advanced-Boilerplate,10,0,35,2023-09-24 20:41:15,1
homeschool,https://github.com/mblayman/homeschool,207,5,1385,2023-11-04 15:05:26,54
e-learning_app,https://github.com/dianajoan/e-learning_app,8,0,18,2023-05-28 14:53:25,4
backend,https://github.com/genuine-oj/backend,6,2,93,2023-10-26 15:44:14,2
reactor,https://github.com/edelvalle/reactor,588,10,395,2023-11-06 03:03:03,27
dmake,https://github.com/Deepomatic/dmake,37,11,627,2023-07-22 01:39:33,3
DevFinder,https://github.com/atharvabhide/DevFinder,9,3,135,2023-10-02 06:19:38,2
django-sozluk,https://github.com/realsuayip/django-sozluk,285,2,478,2023-11-02 20:13:49,81
automarkwatched,https://github.com/itscontained/automarkwatched,7,2,57,2021-03-03 19:18:00,1
platform,https://github.com/HeliumEdu/platform,17,4,883,2023-11-04 17:23:20,5
equinox,https://github.com/open-risk/equinox,22,0,108,2023-11-10 13:27:52,4
django-sso,https://github.com/DAVIDhaker/django-sso,22,5,20,2023-11-01 12:18:56,10
django-odms-project,https://github.com/nikitosikvn1/django-odms-project,8,2,101,2023-07-01 07:43:06,1
mytek,https://github.com/IT-Support-L2/mytek,28,0,72,2023-08-20 03:30:06,8
warf,https://github.com/iamnihal/warf,188,0,86,2023-10-03 22:23:10,36
quipucords,https://github.com/quipucords/quipucords,48,28,1897,2023-06-16 17:38:45,31
OPMS_v3,https://github.com/goer3/OPMS_v3,299,2,26,2023-10-10 04:51:33,150
django-lab-inventory,https://github.com/melizalab/django-lab-inventory,44,2,70,2023-09-19 02:38:10,14
django-easy-audit,https://github.com/soynatan/django-easy-audit,596,42,285,2023-11-10 07:20:19,160
eksisozluk-scraper,https://github.com/altuntasmuhammet/eksisozluk-scraper,7,0,22,2023-09-28 11:29:24,1
daisy,https://github.com/elixir-luxembourg/daisy,11,14,1280,2023-06-08 10:56:50,9
django-vue-admin,https://github.com/liqianglog/django-vue-admin,628,19,934,2023-11-09 14:29:43,176
shiny-server,https://github.com/cnr-ibba/shiny-server,7,0,71,2023-01-31 19:16:17,2
django-sober,https://github.com/cknoll/django-sober,12,0,206,2022-10-06 21:37:50,1
python3-saml,https://github.com/SAML-Toolkits/python3-saml,616,72,659,2023-11-10 06:07:28,329
my-aws-capstone-project,https://github.com/devenes/my-aws-capstone-project,11,0,41,2023-11-02 04:42:50,13
netbox-chart,https://github.com/bootc/netbox-chart,171,21,193,2023-11-08 15:38:23,125
daggerboard,https://github.com/nyph-infosec/daggerboard,89,6,55,2023-10-04 20:56:34,17
howto,https://github.com/maranemil/howto,47,2,4235,2023-11-08 13:30:51,26
exhibition-inference,https://github.com/Marchhill/exhibition-inference,5,6,123,2022-03-15 02:14:10,1
2021.2-INDICAA,https://github.com/fga-eps-mds/2021.2-INDICAA,8,18,368,2023-06-13 16:21:31,7
e-colle,https://github.com/stephanekirsch/e-colle,7,3,623,2022-10-09 10:05:23,16
sdorica-inspector,https://github.com/CancerGary/sdorica-inspector,9,0,184,2023-07-05 11:29:59,0
MusicRooms,https://github.com/Alschn/MusicRooms,5,0,68,2023-10-15 01:48:22,1
pycloak,https://github.com/Blueshoe/pycloak,9,3,57,2022-12-23 09:22:33,1
gedgo,https://github.com/gthole/gedgo,43,3,200,2023-10-13 18:41:48,11
fragdenstaat_de,https://github.com/okfde/fragdenstaat_de,116,19,3119,2023-10-20 16:48:41,20
django-ledger,https://github.com/rapidbenjamin/django-ledger,7,0,688,2023-09-02 12:36:49,0
nativecards-server,https://github.com/webmalc/nativecards-server,5,2,221,2022-12-05 17:05:18,0
timetable-solutions,https://github.com/edwilson543/timetable-solutions,5,0,1885,2023-08-19 16:31:51,0
tira,https://github.com/tira-io/tira,9,20,2744,2023-09-07 07:19:45,7
snotra_rss,https://github.com/olopost/snotra_rss,14,0,189,2023-03-04 20:07:36,1
Pishahang,https://github.com/CN-UPB/Pishahang,8,8,1050,2022-01-21 15:56:22,5
moonsheep,https://github.com/themoonsheep/moonsheep,9,4,159,2020-03-08 16:00:51,3
ncdjango,https://github.com/consbio/ncdjango,10,5,215,2023-07-27 18:50:09,0
chat-app,https://github.com/gibran-abdillah/chat-app,5,0,89,2023-08-23 05:43:18,4
FernGallery,https://github.com/varunmamtora06/FernGallery,5,2,22,2021-08-22 18:01:59,2
AlpacaTag,https://github.com/INK-USC/AlpacaTag,137,6,376,2023-06-20 14:01:01,22
tabby-web,https://github.com/Eugeny/tabby-web,484,6,74,2023-11-09 21:31:34,85
Impostor,https://github.com/avallbona/Impostor,148,7,81,2023-10-31 12:45:55,30
WeVoteServer,https://github.com/wevote/WeVoteServer,50,49,5220,2023-09-18 22:18:22,266
zeton_django,https://github.com/zetonteam/zeton_django,7,12,122,2023-06-06 18:10:45,1
file-manager-django,https://github.com/ojarva/file-manager-django,7,2,26,2022-05-15 09:19:57,2
react-native-delivery-app,https://github.com/ahmetbicer/react-native-delivery-app,10,0,123,2023-10-12 08:51:45,4
project-read-backend,https://github.com/uwblueprint/project-read-backend,7,8,125,2021-10-13 02:07:14,1
rca-wagtail-2019,https://github.com/torchbox/rca-wagtail-2019,7,25,4181,2023-07-27 12:05:43,1
QuickMed,https://github.com/LordGhostX/QuickMed,10,3,95,2023-10-23 22:42:09,1
StackOverFlow--Clone,https://github.com/Yawan-1/StackOverFlow--Clone,298,2,108,2023-11-09 11:11:36,54
dj-chat,https://github.com/xhongc/dj-chat,88,2,103,2023-08-27 14:32:32,11
Project-Pinned,https://github.com/bnbong/Project-Pinned,6,4,342,2023-09-28 03:33:21,3
Archery,https://github.com/hhyo/Archery,5297,95,1953,2023-11-10 07:57:53,1557
TheShareGame,https://github.com/Zarathustra2/TheShareGame,15,3,36,2023-06-27 08:49:49,4
women-and-color-backend,https://github.com/womenandcolor/women-and-color-backend,5,5,291,2023-03-13 15:48:57,4
Bona-Blog,https://github.com/Williano/Bona-Blog,41,2,500,2023-11-09 08:16:45,39
Django-CRM-Web-Application,https://github.com/Peagah-Vieira/Django-CRM-Web-Application,7,0,221,2023-07-31 23:32:32,0
ReviewTunez,https://github.com/dixitaayush8/ReviewTunez,9,0,33,2023-08-23 19:35:44,0
artigo,https://github.com/arthist-lmu/artigo,5,3,699,2023-08-10 09:26:18,1
gamified-education,https://github.com/wallysalami/gamified-education,12,0,117,2023-11-10 13:54:57,1
django-multifactor-authentication,https://github.com/andrenerd/django-multifactor-authentication,8,0,122,2022-08-28 23:33:04,2
django-react-in-docker-microservices,https://github.com/peterkuria/django-react-in-docker-microservices,16,2,13,2023-07-22 23:54:05,4
bingo-board,https://github.com/colinsullivan/bingo-board,5,2,134,2021-12-29 03:33:08,1
hsvdotbeer,https://github.com/hsv-dot-beer/hsvdotbeer,26,5,461,2023-03-15 21:06:57,6
rebs,https://github.com/nc2U/rebs,15,2,5937,2023-11-05 09:03:49,2
mapstory,https://github.com/MapStory/mapstory,48,30,2716,2023-09-22 13:27:24,42
web_app_from_scratch,https://github.com/no-gravity/web_app_from_scratch,49,6,32,2023-11-04 09:46:45,10
main,https://github.com/GitHub-WeiChiang/main,7,0,1057,2023-06-29 11:55:02,0
Django-Verify-Email,https://github.com/foo290/Django-Verify-Email,90,9,110,2023-11-10 20:13:32,27
baresoil,https://github.com/cbaggini/baresoil,7,2,15,2022-04-09 01:04:21,3
dandi-archive,https://github.com/dandi/dandi-archive,13,25,5529,2023-10-28 22:18:42,8
python-geospatial-analysis-cookbook,https://github.com/mdiener21/python-geospatial-analysis-cookbook,122,2,433,2023-11-10 15:50:41,48
Shosho-Media,https://github.com/Davidcode-png/Shosho-Media,7,0,34,2023-05-18 15:25:03,1
open-city-profile,https://github.com/City-of-Helsinki/open-city-profile,7,22,1336,2023-01-15 12:47:53,8
chatroom,https://github.com/zhangjian-ai/chatroom,6,0,13,2023-10-05 12:56:03,0
whoi-hab-hub,https://github.com/WHOIGit/whoi-hab-hub,6,4,834,2023-09-17 07:11:02,1
openverse,https://github.com/WordPress/openverse,155,252,10452,2023-11-10 01:57:00,123
PeekpaCom,https://github.com/SwyftG/PeekpaCom,24,0,39,2023-08-28 06:21:32,8
DelfiTLM,https://github.com/iiacoban42/DelfiTLM,7,6,639,2023-02-04 01:09:32,0
djangopress,https://github.com/codefisher/djangopress,11,0,360,2020-01-18 14:09:55,0
gmx-cms,https://github.com/sy159/gmx-cms,10,0,64,2023-02-27 14:45:08,1
mittens,https://github.com/citizenlabsgr/mittens,8,11,381,2023-04-19 17:24:18,4
back,https://github.com/moodbeat/back,5,3,286,2023-10-06 15:05:03,0
14Finger,https://github.com/b1ackc4t/14Finger,353,0,31,2023-10-30 09:59:51,59
django_private_chat2,https://github.com/Bearle/django_private_chat2,271,3,143,2023-11-05 22:10:04,79
CTI-website-backend,https://github.com/civictechindex/CTI-website-backend,6,9,161,2022-05-11 13:00:16,8
horilla,https://github.com/horilla-opensource/horilla,28,5,1032,2023-10-30 23:48:30,12
Bloggitt,https://github.com/diyajaiswal11/Bloggitt,36,12,117,2023-11-07 12:56:03,31
recommend-games-server,https://github.com/recommend-games/recommend-games-server,5,0,1695,2023-05-24 09:49:36,1
Core-Portal,https://github.com/TACC/Core-Portal,6,29,2126,2023-09-06 15:28:19,0
django-chat,https://github.com/abdurraufraihan/django-chat,67,0,86,2023-11-05 15:00:35,27
love-for-food,https://github.com/Eva-Kuk/love-for-food,13,0,205,2023-10-16 18:38:12,8
indigo,https://github.com/laws-africa/indigo,50,13,8672,2023-09-28 03:34:27,23
COSC-4P02-R8Scholar,https://github.com/SethShickluna/COSC-4P02-R8Scholar,5,8,357,2023-06-08 05:41:16,1
backend-handson-django,https://github.com/KimSoungRyoul/backend-handson-django,7,0,80,2023-10-21 09:28:23,1
pygoat,https://github.com/adeyosemanputra/pygoat,142,20,657,2023-11-06 11:36:01,393
website,https://github.com/fengjinqi/website,321,2,153,2023-11-03 01:50:06,97
OurJSEditor,https://github.com/OurJSEditor/OurJSEditor,29,13,329,2023-10-20 14:32:34,10
metabolism-of-cities-platform,https://github.com/metabolism-of-cities/metabolism-of-cities-platform,6,3,2841,2023-09-22 18:17:02,3
django-rest-registration,https://github.com/apragacz/django-rest-registration,461,23,649,2023-11-07 17:04:08,82
Misago,https://github.com/rafalp/Misago,2391,38,5366,2023-11-10 08:51:24,510
django-coconuts,https://github.com/jlaine/django-coconuts,20,2,407,2022-04-08 22:04:22,9
hbp_neuromorphic_platform,https://github.com/HumanBrainProject/hbp_neuromorphic_platform,14,8,387,2023-05-26 20:42:21,8
gencaster,https://github.com/Gencaster/gencaster,15,3,1418,2023-09-21 18:33:40,0
deadlines_app,https://github.com/marceloFA/deadlines_app,7,16,126,2020-06-17 00:49:47,16
MemberManagement,https://github.com/JacobsAlumni/MemberManagement,10,4,725,2023-09-25 20:00:31,7
django-ecommerce-project,https://github.com/veryacademy/django-ecommerce-project,341,3,109,2023-10-25 05:26:42,261
Saiki,https://github.com/progrmoiz/Saiki,7,3,134,2023-02-17 19:54:02,1
my-qr.art,https://github.com/raatmarien/my-qr.art,420,3,88,2023-11-09 10:10:22,25
fire,https://github.com/FundersClub/fire,59,6,481,2023-10-13 08:15:07,4
rakmai,https://github.com/pincoin/rakmai,6,0,380,2023-07-18 14:30:56,2
contratospr-api,https://github.com/Code4PuertoRico/contratospr-api,37,5,373,2023-07-21 16:35:26,11
Metsys,https://github.com/AsifulNobel/Metsys,7,2,174,2023-11-09 15:30:40,4
flight-ticket-booksystem,https://github.com/Shuai-Xie/flight-ticket-booksystem,145,0,17,2023-11-09 05:17:02,24
scavenger,https://github.com/naver/scavenger,363,12,214,2023-11-06 02:09:31,34
django-backblaze-b2,https://github.com/ehossack/django-backblaze-b2,23,4,292,2023-09-09 07:54:22,5
bearer,https://github.com/Bearer/bearer,1432,15,1094,2023-11-10 13:30:21,64
spid-cie-oidc-nodejs,https://github.com/italia/spid-cie-oidc-nodejs,12,4,81,2023-10-21 11:37:27,1
gravityspytools,https://github.com/Gravity-Spy/gravityspytools,5,0,95,2023-10-29 15:10:27,4
cityframe,https://github.com/martinlaubscher/cityframe,5,6,554,2023-10-04 19:08:02,0
openkamer,https://github.com/openkamer/openkamer,61,3,1448,2023-10-25 14:20:35,7
banking-system,https://github.com/saadmk11/banking-system,277,5,97,2023-11-08 22:15:16,176
chowist,https://github.com/huangsam/chowist,15,3,797,2023-07-30 23:17:17,9
django-mustache,https://github.com/sheppard/django-mustache,20,0,27,2023-07-10 13:53:39,2
xadmin-server,https://github.com/nineaiyu/xadmin-server,18,0,77,2023-10-27 08:07:31,1
quarantine-help-api,https://github.com/Quarantine-Help/quarantine-help-api,8,4,188,2022-06-11 13:14:11,2
NIT-J-Code-Compiler,https://github.com/isopropylcyanide/NIT-J-Code-Compiler,18,0,137,2023-09-02 22:03:43,8
simccs-maptool,https://github.com/SciGaP/simccs-maptool,5,3,785,2023-09-22 08:39:42,0
kinopoisk-on-django,https://github.com/Pogchamp-company/kinopoisk-on-django,6,2,130,2023-05-26 10:41:32,0
my-cms-pjt19,https://github.com/zuri-training/my-cms-pjt19,9,13,140,2023-09-24 07:52:50,22
Instagram,https://github.com/Imma7/Instagram,7,0,115,2023-10-19 09:49:15,8
badger,https://github.com/FlipsideCrypto/badger,22,3,1193,2023-10-06 23:43:16,1
cadeomw,https://github.com/SwitchDreams/cadeomw,10,5,715,2023-11-08 21:34:46,2
next.filmfest.by,https://github.com/kinaklub/next.filmfest.by,6,6,425,2022-04-26 04:49:08,2
fragdenstaat_at,https://github.com/fin/fragdenstaat_at,5,0,87,2023-01-28 13:00:52,0
bookateria,https://github.com/i-jonathan/bookateria,8,0,321,2022-08-23 08:20:26,1
MyCryptoBot,https://github.com/diogomatoschaves/MyCryptoBot,40,3,584,2023-11-11 01:10:46,14
devops_backend,https://github.com/zhoumjane/devops_backend,45,2,32,2023-03-12 06:41:10,9
redux-todo-web-backend,https://github.com/alstn2468/redux-todo-web-backend,5,2,66,2023-09-08 18:07:23,3
wagtail_website,https://github.com/ietf-tools/wagtail_website,11,22,558,2023-09-22 10:36:12,51
muckrock,https://github.com/MuckRock/muckrock,111,18,11823,2023-11-08 18:35:48,20
FruitStore,https://github.com/xiaowang012/FruitStore,5,0,111,2023-11-02 17:30:24,3
django_erp,https://github.com/carloocchiena/django_erp,8,2,101,2023-09-21 15:34:30,5
cmdb,https://github.com/voilet/cmdb,1053,7,114,2023-11-07 12:42:58,600
diet-tracker,https://github.com/nitinankad/diet-tracker,6,2,20,2023-06-27 03:54:55,3
Social-Network,https://github.com/sapnatomar/Social-Network,8,2,10,2023-06-08 03:04:27,13
docker-healthchecks,https://github.com/linuxserver/docker-healthchecks,159,23,388,2023-10-27 11:55:27,33
XMD,https://github.com/INK-USC/XMD,5,4,142,2023-07-09 07:26:12,1
kninfra,https://github.com/karpenoktem/kninfra,9,15,3174,2022-03-21 09:07:14,14
pinax-points,https://github.com/pinax/pinax-points,62,7,188,2023-11-10 15:44:28,18
Django-New-Web,https://github.com/yuyexiaohan/Django-New-Web,92,2,216,2023-11-08 15:47:57,46
gw2raidar,https://github.com/GW2Raidar/gw2raidar,20,12,2156,2023-05-08 14:30:31,15
ultimate-league-app,https://github.com/a2ultimate/ultimate-league-app,9,0,1142,2022-01-16 23:34:53,5
PyEditorial,https://github.com/mavenium/PyEditorial,211,9,271,2023-11-10 13:21:31,67
django-passkeys,https://github.com/mkalioby/django-passkeys,127,3,59,2023-11-09 18:09:33,14
how-to,https://github.com/datamade/how-to,67,11,477,2023-10-25 18:23:26,12
DjangoBBSForum,https://github.com/solost23/DjangoBBSForum,10,0,16,2023-06-13 10:20:22,0
learn,https://github.com/MicrosoftDocs/learn,21,380,134483,2023-11-08 17:23:18,19
django-treebeard,https://github.com/django-treebeard/django-treebeard,1019,65,865,2023-11-07 14:09:08,208
voluntarios,https://github.com/regiov/voluntarios,9,6,687,2023-08-02 23:34:12,9
Ultimate-Django3.2-SepFront-Template,https://github.com/AliBigdeli/Ultimate-Django3.2-SepFront-Template,11,0,43,2023-01-15 16:00:11,3
api,https://github.com/lockerpm/api,7,3,2174,2023-08-21 05:25:40,1
thapar_app,https://github.com/developer-student-club-thapar/thapar_app,10,14,804,2023-10-28 03:11:34,14
translation,https://github.com/ioi/translation,6,15,590,2023-11-05 18:49:12,13
django-ecommerce,https://github.com/jtraulle/django-ecommerce,8,3,25,2023-06-25 21:31:19,11
Stockin,https://github.com/teamILLO/Stockin,5,6,635,2022-08-17 05:04:40,3
attack-surface-framework,https://github.com/vmware-labs/attack-surface-framework,175,4,51,2023-10-26 17:49:28,38
office-hours-queue,https://github.com/pennlabs/office-hours-queue,19,29,1164,2023-03-27 01:36:08,1
django-portfolio-app,https://github.com/mahdimehrabi/django-portfolio-app,17,0,97,2023-10-28 17:13:26,2
swpp2019-team3,https://github.com/swsnu/swpp2019-team3,8,6,134,2021-04-03 14:54:53,2
ranker,https://github.com/funkindy/ranker,15,3,51,2023-07-06 18:46:39,0
Journey,https://github.com/guyage/Journey,49,0,75,2023-09-22 06:12:32,25
cac-tripplanner,https://github.com/azavea/cac-tripplanner,12,20,2755,2023-03-23 14:40:22,7
tinyhands,https://github.com/Tiny-Hands/tinyhands,6,26,4654,2023-11-07 13:41:56,0
PatrowlHears,https://github.com/Patrowl/PatrowlHears,149,9,145,2023-10-12 12:24:37,53
Sluggo-API,https://github.com/Sluggo-Issue-Tracker/Sluggo-API,7,8,357,2022-07-24 02:24:45,1
freesound-datasets,https://github.com/MTG/freesound-datasets,135,8,1569,2023-10-05 07:44:07,12
My-Notes,https://github.com/Amin-MAG/My-Notes,5,0,723,2023-11-09 20:43:02,0
GroupChat,https://github.com/RudreshVeerkhare/GroupChat,19,2,26,2023-08-23 05:43:17,6
navigator,https://github.com/paleobiodb/navigator,38,6,367,2023-11-06 16:12:00,13
VTiger_KPI_Dashboard,https://github.com/roovyshapiro/VTiger_KPI_Dashboard,5,3,517,2022-05-10 18:10:02,5
ia2-server,https://github.com/instituciones-abiertas/ia2-server,9,6,526,2023-09-12 21:37:32,1
ownphotos,https://github.com/hooram/ownphotos,2737,10,222,2023-11-09 15:34:22,231
shynet,https://github.com/milesmcc/shynet,2595,34,510,2023-11-10 21:55:02,158
disaster-preparedness,https://github.com/hazard-ready/disaster-preparedness,9,8,1948,2023-01-12 14:23:05,1
django-vue-admin,https://github.com/caoqianming/django-vue-admin,682,3,131,2023-11-08 04:15:38,227
MetaBackEnd,https://github.com/dennislamcv1/MetaBackEnd,17,0,50,2023-10-27 17:58:48,11
sigi,https://github.com/interlegis/sigi,10,13,1368,2023-05-05 01:48:46,9
django-data-wizard,https://github.com/wq/django-data-wizard,322,2,358,2023-11-01 06:33:48,51
Chat-app,https://github.com/keshavvinayak01/Chat-app,5,2,81,2022-01-13 09:36:17,5
bounswe2019group1,https://github.com/bounswe/bounswe2019group1,9,13,1091,2020-01-03 06:25:46,2
ydb,https://github.com/ydb-platform/ydb,3117,175,17198,2023-11-11 01:09:04,284
E-shop,https://github.com/lolifmaster/E-shop,5,0,148,2023-06-04 20:37:38,0
job-server,https://github.com/opensafely-core/job-server,7,20,7772,2023-10-05 13:03:17,6
django-todo,https://github.com/shacker/django-todo,785,19,263,2023-11-04 16:33:40,277
grimoirelab-hatstall,https://github.com/chaoss/grimoirelab-hatstall,8,9,195,2022-10-27 14:46:09,18
Malicious-URL-v5-IBM,https://github.com/abhisheksaxena1998/Malicious-URL-v5-IBM,6,2,114,2023-07-14 15:33:04,0
Personalized_meal_recommendation_system,https://github.com/sakshamhere/Personalized_meal_recommendation_system,16,0,20,2023-07-11 07:08:31,13
Complete-JWT-Authentication,https://github.com/Toruitas/Complete-JWT-Authentication,137,2,27,2023-06-13 13:17:22,54
eCommerce,https://github.com/codingforentrepreneurs/eCommerce,1450,2,227,2023-11-07 12:46:46,836
facial-recognition-saas,https://github.com/justdjango/facial-recognition-saas,61,0,48,2023-11-03 04:56:05,30
commons,https://github.com/gtoffoli/commons,7,2,1163,2023-01-26 22:39:45,0
anwesende,https://github.com/prechelt/anwesende,18,2,305,2022-04-25 07:46:08,5
shatter,https://github.com/garyb9/shatter,15,2,290,2023-10-30 21:33:57,4
pinax-documents,https://github.com/pinax/pinax-documents,60,8,175,2023-11-04 13:18:27,19
django_point_of_sale,https://github.com/betofleitass/django_point_of_sale,19,0,56,2023-11-07 18:32:40,23
django-react-purity-dashboard,https://github.com/app-generator/django-react-purity-dashboard,33,0,15,2023-11-07 12:58:38,11
Developing-an-SSO-Service-using-Django,https://github.com/Vibhu-Agarwal/Developing-an-SSO-Service-using-Django,46,2,45,2023-07-18 21:06:41,22
djaodjin-deployutils,https://github.com/djaodjin/djaodjin-deployutils,7,4,402,2023-04-18 18:46:05,5
django-rest-live,https://github.com/pennlabs/django-rest-live,58,4,68,2023-10-02 10:12:27,13
spreadsheet,https://github.com/xsami/spreadsheet,7,3,29,2023-03-07 09:39:34,0
Django-Celery-Redis-AWSEB,https://github.com/Alexmhack/Django-Celery-Redis-AWSEB,17,2,78,2023-08-27 01:35:58,4
Web_Team_Project,https://github.com/PIRomanCod/Web_Team_Project,6,4,206,2023-10-02 20:59:20,1
FaceFind,https://github.com/tinycoder2/FaceFind,7,0,20,2023-09-22 21:13:24,0
Queue-Management-System,https://github.com/yuvisidhu19/Queue-Management-System,11,0,18,2023-10-11 13:33:25,0
STAC-IITMandi.github.io,https://github.com/STAC-IITMandi/STAC-IITMandi.github.io,12,12,110,2023-03-12 14:03:16,44
Face-Recognition-System,https://github.com/nature1995/Face-Recognition-System,51,0,40,2023-08-08 09:47:47,18
tau,https://github.com/Team-TAU/tau,137,12,315,2023-10-21 17:06:02,39
YTC,https://github.com/ayushjainrksh/YTC,14,2,10,2023-03-16 03:06:22,9
IntelOwl,https://github.com/intelowlproject/IntelOwl,2928,50,2039,2023-11-10 01:05:37,370
csqa,https://github.com/ykdojo/csqa,171,0,186,2023-09-21 21:55:25,71
JobMatching,https://github.com/255-1/JobMatching,6,0,40,2023-06-28 18:17:02,2
iot,https://github.com/kevinwlu/iot,141,2,5345,2023-10-20 01:43:05,108
KhaanDaan,https://github.com/zenilharia26/KhaanDaan,6,4,117,2021-06-12 02:28:09,4
launch-with-code,https://github.com/codingforentrepreneurs/launch-with-code,64,0,53,2023-05-22 17:42:23,65
ran-django-template,https://github.com/nature1995/ran-django-template,106,0,35,2023-10-31 16:20:14,39
JangoWave,https://github.com/phrocker/JangoWave,7,0,35,2020-03-06 11:58:26,2
TANF-app,https://github.com/HHS/TANF-app,22,42,7586,2023-08-01 17:18:45,26
nfstats,https://github.com/owenear/nfstats,26,2,116,2023-10-23 20:24:05,6
student_explorer,https://github.com/tl-its-umich-edu/student_explorer,10,18,1696,2023-03-09 03:22:37,13
pandaAdmin,https://github.com/hequan2017/pandaAdmin,7,0,11,2021-06-20 06:43:28,3
Boxer,https://github.com/mrblacyk/Boxer,15,3,104,2023-10-15 03:49:38,5
stubborn,https://github.com/s-nagaev/stubborn,9,4,61,2023-03-12 20:25:13,1
django-admin-volt,https://github.com/app-generator/django-admin-volt,110,8,75,2023-10-28 00:50:27,30
APIS,https://github.com/furthemore/APIS,11,8,689,2023-03-06 08:03:18,7
djangular,https://github.com/deepak1725/djangular,5,0,244,2023-01-31 16:51:07,0
the-one-truth,https://github.com/windstick/the-one-truth,20,5,144,2023-04-24 03:16:11,7
CodeBaseManager,https://github.com/PoCInnovation/CodeBaseManager,11,5,365,2021-08-25 07:24:03,0
ma-cantine,https://github.com/betagouv/ma-cantine,13,9,7758,2023-10-24 10:31:28,8
asset-declarations,https://github.com/code4romania/asset-declarations,12,18,208,2023-09-08 09:13:46,35
2020-dongguk-likelion,https://github.com/JuYeong0413/2020-dongguk-likelion,17,0,126,2021-07-05 13:40:42,5
seminar-2020,https://github.com/wafflestudio/seminar-2020,29,59,535,2023-04-15 14:16:27,54
django-hines,https://github.com/philgyford/django-hines,15,2,2335,2023-01-31 16:28:23,0
icinga-vagrant,https://github.com/Icinga/icinga-vagrant,251,18,1141,2023-10-31 13:52:30,83
django-good-otp,https://github.com/hiroaki-yamamoto/django-good-otp,19,5,619,2023-05-27 14:13:46,5
Filmishow-Django,https://github.com/MsnzmT/Filmishow-Django,9,2,151,2023-07-12 16:02:22,0
Pizza-ordering-app,https://github.com/HemabhKamboj/Pizza-ordering-app,6,3,16,2023-05-25 19:10:18,2
django-auth-lti,https://github.com/Harvard-University-iCommons/django-auth-lti,19,8,140,2022-09-23 20:23:57,19
xiaomo-studying,https://github.com/houko/xiaomo-studying,107,2,300,2023-10-31 05:42:24,42
RSEAdmin,https://github.com/RSE-Sheffield/RSEAdmin,22,6,453,2023-10-12 15:29:20,4
pda-next,https://github.com/PowerDNS-Admin/pda-next,9,2,142,2023-09-02 17:12:52,2
anitab-forms-backend,https://github.com/anitab-org/anitab-forms-backend,19,30,58,2022-08-22 17:58:26,60
django-react-boilerplate,https://github.com/saasitive/django-react-boilerplate,573,2,26,2023-11-08 18:42:01,83
hawkwatchers,https://github.com/jgdenby/hawkwatchers,11,2,182,2023-08-08 04:41:53,4
geocontrib,https://github.com/neogeo-technologies/geocontrib,6,14,1817,2022-11-20 13:48:19,10
deadline,https://github.com/two-man-army/deadline,10,3,948,2022-03-26 07:26:16,3
Tiredful-API,https://github.com/payatu/Tiredful-API,564,2,17,2023-11-07 11:27:04,122
ChitChat,https://github.com/krishna-vasudev/ChitChat,7,0,11,2023-02-24 04:15:20,1
devtool-django-api-generator,https://github.com/app-generator/devtool-django-api-generator,10,3,36,2023-02-26 07:25:54,0
mapit.mysociety.org,https://github.com/mysociety/mapit.mysociety.org,6,6,280,2023-03-23 14:40:34,2
wirecloud,https://github.com/Wirecloud/wirecloud,58,21,9000,2023-10-23 06:29:43,46
MusicApp,https://github.com/NVombat/MusicApp,8,5,470,2023-02-05 14:04:45,11
nucleus,https://github.com/mozilla/nucleus,15,15,257,2023-07-28 17:38:02,30
django-ecommerce-B2B2C,https://github.com/ziauldin123/django-ecommerce-B2B2C,6,4,769,2023-11-08 15:21:11,7
highlight,https://github.com/highlight/highlight,5952,62,5834,2023-11-10 07:24:47,243
atlas,https://github.com/getsentry/atlas,20,10,578,2023-09-08 17:54:20,3
registryo,https://github.com/inmagik/registryo,8,0,24,2023-11-08 15:16:55,0
Albums,https://github.com/mann27/Albums,8,6,106,2020-11-20 04:45:12,6
Boostan,https://github.com/mohamadkhalaj/Boostan,9,2,346,2023-10-27 00:18:43,1
swh-web,https://github.com/SoftwareHeritage/swh-web,11,26,2934,2023-02-05 11:26:30,4
weibo-analysis-system,https://github.com/Superbsco/weibo-analysis-system,307,2,23,2023-11-06 11:11:28,77
chatting,https://github.com/Sirneij/chatting,10,0,13,2023-10-31 08:16:13,5
chatapi,https://github.com/adefemi/chatapi,21,2,52,2023-09-24 13:18:32,23
ADSM,https://github.com/NAVADMC/ADSM,9,10,3493,2023-10-19 15:28:45,5
drf-rowshop,https://github.com/hao222/drf-rowshop,5,0,28,2021-07-08 08:48:33,0
my_tourist,https://github.com/eugena/my_tourist,8,4,985,2023-02-12 06:20:48,2
DIM,https://github.com/vinaykakkad/DIM,5,5,60,2022-10-12 06:32:47,1
mitxpro,https://github.com/mitodl/mitxpro,9,34,2495,2023-09-22 22:38:52,2
django-appointment,https://github.com/adamspd/django-appointment,10,2,54,2023-11-06 21:09:15,0
jaseci,https://github.com/Jaseci-Labs/jaseci,147,46,4018,2023-10-19 14:05:07,209
rt911,https://github.com/Keeping-History/rt911,10,3,316,2023-09-11 14:45:15,2
